Size,Resolution,Refresh rate,Processor,RAM,Disc,Graphics card,Price in zl
"15.6""", 1920 x 1080px, 120Hz,Intel Core i7-11370H,8,512 GB SSD,NVIDIA GeForce GTX 1650,3599
"16.1""", 1920 x 1080px, 60Hz,AMD Ryzen 5 5600H,8,512 GB SSD,NVIDIA GeForce GTX 1650,3799
"15.6""", 1920 x 1080px, 240Hz,AMD Ryzen 9 5900HX,16,1000 GB SSD,AMD Radeon RX 6700M,7499
"15.6""", 1920 x 1080px, 144Hz,AMD Ryzen 7 6800H,16,512 GB SSD,NVIDIA GeForce RTX 3050 Ti,6199
"16.1""", 1920 x 1080px, 144Hz,Intel Core i7-11800H,8,512 GB SSD,NVIDIA GeForce RTX 3060,5999
"16.1""", 1920 x 1080px, 144Hz,Intel Core i5-11400,8,512 GB SSD,NVIDIA GeForce RTX 3050 Ti,5199
"16.1""", 1920 x 1080px, 144Hz,Intel Core i5-11400H,8,512 GB SSD,NVIDIA GeForce GTX 1650,4299
"15.6""", 1920 x 1080px, 60Hz,Intel Core i5-11300H,8,512 GB SSD,NVIDIA GeForce RTX 3050,4399
"15.6""", 1920 x 1080px, 144Hz,AMD Ryzen 5 5600H,32,1000 GB SSD,NVIDIA GeForce RTX 3070,7599
"13.3""", 1920 x 1080px, 60Hz,Qualcomm Snapdragon SC7180,8,64 GB Flash,Adreno 618,2249
"17.3""", 1920 x 1080px, 144Hz,Intel Core i7-12700H,16,512 GB SSD,NVIDIA GeForce RTX 3070 Ti,9349
"17.3""", 1920 x 1080px, 144Hz,Intel Core i5-12500H,16,1000 GB SSD,NVIDIA GeForce RTX 3050,6499
"14""", 1920 x 1080px, 60Hz,AMD Ryzen 5 5625U,16,512 GB SSD,AMD Radeon Graphics,4499
"15.6""", 1920 x 1080px, 144Hz,Intel Core i5-10300H,16,1000 GB SSD,NVIDIA GeForce RTX 3050,4599
"14""", 1920 x 1080px, 60Hz,Intel Core i5-1135G7,16,512 GB SSD,Intel Iris Xe Graphics,5499
"16.1""", 1920 x 1080px, 144Hz,AMD Ryzen 7 5800H,16,1000 GB SSD,AMD Radeon RX 6600M,6399
"15.6""", 1920 x 1080px, 144Hz,AMD Ryzen 7 5800H,8,512 GB SSD,NVIDIA GeForce RTX 3050 Ti,5299
"15.6""", 1920 x 1080px, 144Hz,AMD Ryzen 7 5800H,8,512 GB SSD,NVIDIA GeForce RTX 3050,4999
"16.1""", 1920 x 1080px, 60Hz,AMD Ryzen 5 5600H,8,512 GB SSD,NVIDIA GeForce RTX 3050,4399
"15.6""", 1920 x 1080px, 60Hz,AMD Ryzen 5 5600H,8,512 GB SSD,NVIDIA GeForce RTX 3050 Ti,3899
"14""", 1920 x 1080px, 60Hz,Intel Core i5-1155G7,8,512 GB SSD,Intel Iris Xe Graphics,4109
"13.3""", 2560 x 1440px, 60Hz,Intel Core i5-11320H,16,512 GB SSD,Intel Iris Xe Graphics,4499
"15.6""", 1920 x 1080px, 60Hz,Intel Core i3-1115G4,8,256 GB SSD,Intel UHD Graphics,2799
"14""", 1920 x 1080px, 60Hz,Intel Core i7-1065G7,8,512 GB SSD,Intel Iris Plus Graphics,2899
"17.3""", 1920 x 1080px, 60Hz,Intel Core i5-1135G7,8,512 GB SSD,Intel Iris Xe Graphics,3199
"16""", 2560 x 1600px, 60Hz,Intel Core i7-11800H,16,512 GB SSD,NVIDIA GeForce RTX 3050,6399
"15.6""", 1920 x 1080px, 144Hz,Intel Core i5-10300H,16,512 GB SSD,NVIDIA GeForce GTX 1650,3699
"15.6""", 1920 x 1080px, 120Hz,AMD Ryzen 5 5600H,8,512 GB SSD,NVIDIA GeForce RTX 3050,3999
"14""", 1920 x 1080px, 60Hz,Intel Celeron J4125,8,256 GB SSD,Intel UHD Graphics 600,1749
"15.6""", 1920 x 1080px, 120Hz,Intel Core i7-10870H,16,512 GB SSD,NVIDIA GeForce RTX 3050,4849
"14""", 1920 x 1080px, 60Hz,Intel Celeron J4125,8,256 GB SSD,Intel UHD Graphics 600,1749
"14""", 1920 x 1080px, 60Hz,Intel Celeron N4500,4,128 GB Flash,Intel UHD Graphics,1699
"15.6""", 1920 x 1080px, 120Hz,AMD Ryzen 5 5600H,8,512 GB SSD,NVIDIA GeForce RTX 3050,3799
"13.3""", 2560 x 1600px, 60Hz,Apple M1,16,256 GB SSD,Apple M1 (7 rdzeni),6103
"15.6""", 1920 x 1080px, 60Hz,Intel Core i5-1135G7,8,256 GB SSD,Intel Iris Xe Graphics,3299
"17.3""", 1920 x 1080px, 144Hz,Intel Core i7-12700H,16,512 GB SSD,NVIDIA GeForce RTX 3050 Ti,6849
"14""", 1920 x 1080px, 60Hz,Intel Core i7-1280P,16,512 GB SSD,NVIDIA GeForce GTX 1650,6899
"16.1""", 1920 x 1080px, 144Hz,AMD Ryzen 7 5800H,16,1000 GB SSD,AMD Radeon RX 6600M,6999
"15.6""", 1920 x 1080px, 60Hz,Intel Celeron N4000,4,128 GB SSD,Intel UHD Graphics 600,1699
"15.6""", 1920 x 1080px, 60Hz,Intel Core i3-1115G4,8,256 GB SSD,Intel UHD Graphics,1959
"15.6""", 1920 x 1080px, 144Hz,AMD Ryzen 5 5600H,16,512 GB SSD,NVIDIA GeForce RTX 3060,4599
"15.6""", 1920 x 1080px, 144Hz,AMD Ryzen 5 5600H,16,2000 GB HDD + 1000 GB SSD,NVIDIA GeForce RTX 3060,6399
"14""", 1920 x 1080px, 60Hz,AMD Ryzen 5 5500U,8,512 GB SSD,AMD Radeon Graphics,3799
"15.6""", 1920 x 1080px, 144Hz,Intel Core i5-11300H,16,512 GB SSD,NVIDIA GeForce RTX 3050,3999
"15.6""", 1920 x 1080px, 165Hz,AMD Ryzen 5 5600H,16,1000 GB SSD,NVIDIA GeForce RTX 3070,7899
"17.3""", 1920 x 1080px, 144Hz,Intel Core i7-11370H,16,512 GB SSD,NVIDIA GeForce RTX 3050,5299
"15.6""", 1920 x 1080px, 165Hz,Intel Core i5-11400H,8,512 GB SSD,NVIDIA GeForce GTX 1650,3699
"17.3""", 1920 x 1080px, 144Hz,Intel Core i5-12500H,16,512 GB SSD,NVIDIA GeForce RTX 3050,6249
"15.6""", 1920 x 1080px, 120Hz,AMD Ryzen 7 5800H,16,512 GB SSD,NVIDIA GeForce RTX 3050,4699
"15.6""", 1920 x 1080px, 144Hz,Intel Core i5-11400H,8,512 GB SSD,NVIDIA GeForce RTX 3050 Ti,5099
"16.1""", 1920 x 1080px, 60Hz,Intel Core i5-11400,8,512 GB SSD,NVIDIA GeForce RTX 3050 Ti,4999
"15.6""", 1920 x 1080px, 60Hz,Intel Core i3-1115G4,8,256 GB SSD,Intel UHD Graphics,2199
"17.3""", 1920 x 1080px, 144Hz,AMD Ryzen 5 5600H,8,512 GB SSD,NVIDIA GeForce RTX 3050,4699
"15.6""", 2560 x 1440px, 165Hz,Intel Core i7-11800H,32,1000 GB SSD,NVIDIA GeForce RTX 3070,10099
"16.1""", 1920 x 1080px, 144Hz,Intel Core i5-11400H,8,512 GB SSD,NVIDIA GeForce RTX 3050,4999
"15.6""", 1920 x 1080px, 360Hz,Intel Core i7-11800H,16,1000 GB SSD,NVIDIA GeForce RTX 3070,9799
"15.6""", 1920 x 1080px, 60Hz,Intel Core i5-1135G7,8,512 GB SSD,Intel Iris Xe Graphics,2499
"15.6""", 1920 x 1080px, 165Hz,AMD Ryzen 5 5600H,8,512 GB SSD,NVIDIA GeForce RTX 3050,4599
"17.3""", 1920 x 1080px, 60Hz,Intel Core i5-1155G7,8,512 GB SSD,Intel Iris Xe Graphics,2999
"15.6""", 1920 x 1080px, 144Hz,Intel Core i9-11900H,16,1000 GB SSD,NVIDIA GeForce RTX 3060,8499
"14.2""", 3024 x 1964px, 120Hz,Apple M1 Pro,16,1000 GB SSD,Apple M1 Pro (16 rdzeni),12557
"13.3""", 2560 x 1600px, 2560 x 1600px,Apple M2,16,256 GB SSD,Apple M2 (10 rdzeni),8399
"15.6""", 1920 x 1080px, 60Hz,Intel Core i5-1135G7,8,512 GB SSD,Intel Iris Xe Graphics,2549
"17.3""", 1920 x 1080px, 144Hz,Intel Core i5-11400H,16,512 GB SSD,NVIDIA GeForce RTX 3050 Ti,5999
"13.3""", 2560 x 1600px, 2560 x 1600px,Intel Core i5-10210U,16,1000 GB SSD,Intel UHD Graphics,4099
"15.6""", 1920 x 1080px, 60Hz,Intel Celeron N4020,4,128 GB Flash,Intel UHD Graphics 600,1749
"14""", 2240 x 1400px, 60Hz,Intel Core i7-1165G7,16,1000 GB SSD,Intel Iris Xe Graphics,4799
"15.6""", 1920 x 1080px, 144Hz,Intel Core i7-11800H,16,1000 GB SSD,NVIDIA GeForce RTX 3060,6999
"16.1""", 1920 x 1080px, 60Hz,Intel Core i5-11400H,8,512 GB SSD,NVIDIA GeForce RTX 3050,4899
"15.6""", 1920 x 1080px, 120Hz,AMD Ryzen 5 5600H,8,512 GB SSD,NVIDIA GeForce GTX 1650,3399
"13.5""", 2256 x 1504px, 60Hz,AMD Ryzen 5 4680U,8,256 GB SSD,AMD Radeon Graphics,4828
"15.6""", 1920 x 1080px, 144Hz,Intel Core i5-11400H,16,512 GB SSD,NVIDIA GeForce RTX 3050 Ti,4199
"15.6""", 1920 x 1080px, 60Hz,AMD Ryzen 5 5500U,8,256 GB SSD,AMD Radeon Graphics,3399
"14.2""", 3024 x 1964px, 120Hz,Apple M1 Pro,16,512 GB SSD,Apple M1 Pro (14 rdzeni),9999
"15.6""", 1920 x 1080px, 60Hz,Intel Core i5-1135G7,8,256 GB SSD,Intel Iris Xe Graphics,3799
"13.3""", 1920 x 1080px, 60Hz,Intel Core i5-1135G7,8,512 GB SSD,Intel Iris Xe Graphics,4999
"15.6""", 1920 x 1080px, 60Hz,AMD Ryzen 7 5700U,16,512 GB SSD,AMD Radeon Graphics,3199
"15.6""", 1920 x 1080px, 120Hz,AMD Ryzen 5 5600H,8,512 GB SSD,NVIDIA GeForce RTX 3050,4999
"15.6""", 1920 x 1080px, 60Hz,AMD Ryzen 5 5500U,16,512 GB SSD,AMD Radeon Graphics,2999
"17.3""", 1600 x 900px, 60Hz,Intel Core i3-1115G4,8,512 GB SSD,Intel UHD Graphics,2199
"16.1""", 1920 x 1080px, 60Hz,AMD Ryzen 5 5600H,8,512 GB SSD,NVIDIA GeForce GTX 1650,3399
"15.6""", 1920 x 1080px, 60Hz,AMD Ryzen 5 3500U,8,512 GB SSD,AMD Radeon Vega 8,2399
"15.6""", 1920 x 1080px, 120Hz,Intel Core i5-11260H,16,512 GB SSD,NVIDIA GeForce RTX 3050,4499
"15.6""", 1920 x 1080px, 60Hz,Intel Core i5-9300HF,8,512 GB SSD,NVIDIA GeForce GTX 1650,3299
"15.6""", 1920 x 1080px, 60Hz,AMD Ryzen 5 5600H,16,512 GB SSD,NVIDIA GeForce RTX 3050 Ti,4799
"13.3""", 2560 x 1600px, 60Hz,Apple M1,8,256 GB SSD,Apple M1 (7 rdzeni),5499
"15.6""", 1920 x 1080px, 60Hz,AMD Ryzen 5 5500U,16,512 GB SSD,AMD Radeon Graphics,2899
"14""", 1920 x 1080px, 60Hz,Intel Celeron N4500,4,128 GB Flash,Intel UHD Graphics,1799
"14""", 1920 x 1080px, 60Hz,Intel Celeron N4020,4,128 GB SSD,Intel UHD Graphics 600,1399
"15.6""", 1920 x 1080px, 60Hz,Intel Core i5-1135G7,16,512 GB SSD,Intel Iris Xe Graphics,3599
"15.6""", 1920 x 1080px, 60Hz,Intel Core i5-1135G7,8,512 GB SSD,Intel Iris Xe Graphics,2599
"14""", 1366 x 768px, 60Hz,Intel Celeron N4020,4,128 GB SSD,Intel UHD Graphics 600,1299
"15.6""", 1920 x 1080px, 60Hz,Intel Core i3-1115G4,8,256 GB SSD,Intel UHD Graphics,1999
"13.3""", 2560 x 1600px, 2560 x 1600px,Apple M1,8,256 GB SSD,Apple M1 (7 rdzeni),5299
"15.6""", 1920 x 1080px, 60Hz,Intel Core i5-1135G7,8,512 GB SSD,Intel Iris Xe Graphics,2799
"15.6""", 1920 x 1080px, 60Hz,Intel Core i3-1115G4,8,256 GB SSD,Intel UHD Graphics,2099
"15.6""", 1920 x 1080px, 120Hz,Intel Core i5-10500H,16,512 GB SSD,NVIDIA GeForce RTX 3050 Ti,4075
"14.2""", 3024 x 1964px, 120Hz,Apple M1 Pro,16,512 GB SSD,Apple M1 Pro (14 rdzeni),9999
"15.6""", 1920 x 1080px, 60Hz,Intel Core i5-1035G1,8,512 GB SSD,Intel UHD Graphics,2699
"14""", 1920 x 1080px, 60Hz,Intel Celeron N4500,4,128 GB Flash,Intel UHD Graphics,1399
"15.6""", 1920 x 1080px, 60Hz,AMD Ryzen 5 5500U,8,512 GB SSD,AMD Radeon Graphics,2699
"15.6""", 1920 x 1080px, 60Hz,AMD Ryzen 5 5500U,8,512 GB SSD,AMD Radeon Graphics,2199
"15.6""", 1920 x 1080px, 60Hz,AMD Ryzen 5 5500U,8,512 GB SSD,AMD Radeon Graphics,2799
"13.6""", 2560 x 1664px, 2560 x 1664px,Apple M2,8,256 GB SSD,Apple M2 (8 rdzeni),6349
"15.6""", 1920 x 1080px, 60Hz,Intel Core i5-1135G7,8,512 GB SSD,Intel Iris Xe Graphics,2699
"15.6""", 1920 x 1080px, 144Hz,Intel Core i5-11400H,16,512 GB SSD,NVIDIA GeForce RTX 3050 Ti,4699
"15.6""", 1920 x 1080px, 144Hz,Intel Core i5-11400H,16,512 GB SSD,NVIDIA GeForce RTX 3060,5699
"15.6""", 1920 x 1080px, 60Hz,AMD Ryzen 5 5600H,8,512 GB SSD,NVIDIA GeForce RTX 3050,3999
"14""", 1920 x 1200px, 60Hz,Intel Core i7-1260P,16,1000 GB SSD,Intel Iris Xe Graphics,7199
"14""", 1920 x 1080px, 60Hz,Intel Core i5-1135G7,8,512 GB SSD,Intel Iris Xe Graphics,3099
"15.6""", 1920 x 1080px, 60Hz,AMD Ryzen 5 5500U,8,512 GB SSD,AMD Radeon Graphics,2499
"15.6""", 1920 x 1080px, 60Hz,Intel Core i5-1135G7,16,512 GB SSD,Intel UHD Graphics,3199
"14""", 1366 x 768px, 60Hz,Intel Celeron N4020,4,128 GB SSD,Intel UHD Graphics 600,1299
"16""", 1920 x 1200px, 60Hz,Intel Core i5-12450H,16,512 GB SSD,Intel UHD Graphics,3999
"15.6""", 1920 x 1080px, 120Hz,AMD Ryzen 5 5625U,8,512 GB SSD,AMD Radeon Graphics,2799
"15.6""", 1920 x 1080px, 144Hz,Intel Core i5-11400H,16,512 GB SSD,NVIDIA GeForce RTX 3050,3999
"15.6""", 1920 x 1080px, 60Hz,Intel Core i3-1115G4,8,512 GB SSD,Intel UHD Graphics,2199
"15.6""", 1920 x 1080px, 60Hz,Intel Core i7-1065G7,16,512 GB SSD,Intel Iris Plus Graphics,3199
"15.6""", 1920 x 1080px, 120Hz,AMD Ryzen 5 5600H,16,512 GB SSD,NVIDIA GeForce RTX 3050,4199
"15.6""", 1366 x 768px, 60Hz,Intel Celeron N4020,4,128 GB Flash,Intel UHD Graphics 600,1599
"13.3""", 2560 x 1600px, 60Hz,Apple M1,8,256 GB SSD,Apple M1 (7 rdzeni),5499
"13.3""", 2560 x 1600px, 60Hz,Apple M1,16,256 GB SSD,Apple M1 (7 rdzeni),6499
"12.45""", 1536 x 1024px, Ekran dotykowy,Intel Core i5-1035G1,8,128 GB SSD,Intel UHD Graphics,3263
"16""", 2560 x 1600px, 60Hz,Intel Core i7-1165G7,16,512 GB SSD,Intel Iris Xe Graphics,4129
"15.6""", 1920 x 1080px, 60Hz,Intel Core i3-1115G4,8,512 GB SSD,Intel UHD Graphics,2142
"15.6""", 1920 x 1080px, 60Hz,AMD Ryzen 5 5500U,16,512 GB SSD,AMD Radeon Graphics,3999
"13.6""", 2560 x 1664px, 2560 x 1664px,Apple M2,8,256 GB SSD,Apple M2 (8 rdzeni),6349
"17.3""", 1920 x 1080px, 144Hz,Intel Core i7-11800H,16,512 GB SSD,NVIDIA GeForce RTX 3050 Ti,5399
"13.3""", 2560 x 1600px, 60Hz,Apple M1,8,256 GB SSD,Apple M1 (7 rdzeni),5499
"14""", 1920 x 1080px, 60Hz,Intel Core i5-1135G7,8,512 GB SSD,Intel Iris Xe Graphics,3949
"17.3""", 1920 x 1080px, 144Hz,Intel Core i5-11400H,16,512 GB SSD,NVIDIA GeForce RTX 3050 Ti,5249
"14""", 1920 x 1080px, 60Hz,Intel Core i5-1135G7,8,512 GB SSD,Intel Iris Xe Graphics,3599
"10.5""", 1920 x 1280px, 60Hz,Intel Pentium Gold 6500Y,8,128 GB SSD,Intel UHD Graphics 615,3299
"17.3""", 1920 x 1080px, 144Hz,Intel Core i5-11300H,16,512 GB SSD,NVIDIA GeForce RTX 3050 Ti,4999
"15.6""", 1920 x 1080px, 60Hz,Intel Core i5-1155G7,8,512 GB SSD,Intel Iris Xe Graphics,2709
"14.1""", 1366 x 768px, 1366 x 768px,Intel Celeron N4020,4,128 GB SSD,Intel UHD Graphics 600,999
"15.6""", 1920 x 1080px, 60Hz,Intel Core i5-1155G7,8,512 GB SSD,Intel Iris Xe Graphics,2999
"17.3""", 1920 x 1080px, 144Hz,Intel Core i5-11400H,16,512 GB SSD,NVIDIA GeForce RTX 3050,4999
"13.3""", 2560 x 1600px, 2560 x 1600px,Apple M2,8,256 GB SSD,Apple M2 (10 rdzeni),6539
"15.6""", 1920 x 1080px, 60Hz,Intel Celeron N5100,8,256 GB SSD,Intel UHD Graphics,1649
"15.6""", 1920 x 1080px, 60Hz,AMD Ryzen 7 5700U,16,512 GB SSD,AMD Radeon Graphics,3799
"15.6""", 1920 x 1080px, 60Hz,Intel Core i5-1155G7,16,512 GB SSD,Intel Iris Xe Graphics,3299
"15.6""", 1920 x 1080px, 144Hz,Intel Core i5-11400H,8,512 GB SSD,NVIDIA GeForce RTX 3050,3999
"13.3""", 2560 x 1600px, 60Hz,Apple M1,16,256 GB SSD,Apple M1 (7 rdzeni),6199
"15.6""", 1920 x 1080px, 60Hz,Intel Core i5-1240P,8,512 GB SSD,Intel Iris Xe Graphics,3299
"15.6""", 1920 x 1080px, 144Hz,Intel Core i7-10750H,16,1000 GB SSD,NVIDIA GeForce RTX 3080,9999
"15.6""", 1920 x 1080px, 240Hz,Intel Core i7-10750H,16,512 GB SSD,NVIDIA GeForce RTX 2070,7799
"13.6""", 2560 x 1664px, 2560 x 1664px,Apple M2,8,256 GB SSD,Apple M2 (8 rdzeni),6349
"15.6""", 1920 x 1080px, 144Hz,Intel Core i5-11400H,16,512 GB SSD,NVIDIA GeForce RTX 3050,3999
"15.6""", 1920 x 1080px, 165Hz,AMD Ryzen 5 5600H,8,512 GB SSD,NVIDIA GeForce RTX 3050,4199
"15.6""", 1920 x 1080px, 240Hz,Intel Core i7-10750H,16,1000 GB SSD,NVIDIA GeForce RTX 2080 Super,10699
"15.6""", 1920 x 1080px, 60Hz,Intel Core i7-10750H,8,512 GB SSD,NVIDIA GeForce GTX 1650 Ti,5399
"13.6""", 2560 x 1664px, 2560 x 1664px,Apple M2,8,256 GB SSD,Apple M2 (8 rdzeni),6499
"15.6""", 1920 x 1080px, 60Hz,Intel Core i3-1005G1,4,256 GB SSD,Intel UHD Graphics,1999
"15.6""", 1920 x 1080px, 144Hz,AMD Ryzen 5 4600H,16,512 GB SSD,NVIDIA GeForce GTX 1650,3699
"13.6""", 2560 x 1664px, 2560 x 1664px,Apple M2,8,512 GB SSD,Apple M2 (10 rdzeni),7999
"17.3""", 1920 x 1080px, 60Hz,Intel Core i5-1135G7,16,512 GB SSD,Intel Iris Xe Graphics,3687
"15.6""", 1920 x 1080px, 60Hz,Intel Core i7-1065G7,8,512 GB SSD,Intel Iris Plus Graphics,2999
"15.6""", 1920 x 1080px, 144Hz,Intel Core i7-12650H,16,1000 GB SSD,NVIDIA GeForce RTX 3060,6799
"14""", 2560 x 1440px, 120Hz,AMD Ryzen 7 5800HS,16,512 GB SSD,NVIDIA GeForce RTX 3050,5199
"13.3""", 2560 x 1600px, 2560 x 1600px,Apple M2,8,512 GB SSD,Apple M2 (10 rdzeni),7899
"13.3""", 1920 x 1080px, 60Hz,Intel Core i5-1135G7,16,512 GB SSD,Intel Iris Xe Graphics,3999
"13.3""", 1920 x 1080px, 60Hz,Intel Core i5-1135G7,16,512 GB SSD,Intel Iris Xe Graphics,3999
"14""", 1920 x 1080px, 60Hz,AMD Ryzen 5 4500U,8,512 GB SSD,AMD Radeon Graphics,2999
"15.6""", 1920 x 1080px, 60Hz,AMD Ryzen 3 3250U,8,256 GB SSD,AMD Radeon Graphics,2099
"13.3""", 2560 x 1600px, 2560 x 1600px,Apple M2,8,256 GB SSD,Apple M2 (10 rdzeni),6799
"15.6""", 1920 x 1080px, 60Hz,Intel Core i5-10300H,8,512 GB SSD,NVIDIA GeForce GTX 1650 Ti,4199
"13""", 2880 x 1920px, 60 - 120Hz,Intel Core i5-1135G7,8,128 GB SSD,Intel Iris Xe Graphics,4099
"15.6""", 1920 x 1080px, 60Hz,AMD Ryzen 5 5500U,8,512 GB SSD,AMD Radeon Graphics,2999
"15.6""", 1920 x 1080px, 240Hz,Intel Core i7-11800H,16,1000 GB SSD,NVIDIA GeForce RTX 3070,6999
"15.6""", 1920 x 1080px, 60Hz,Intel Pentium Silver N6000,8,256 GB SSD,Intel UHD Graphics,1799
"10.5""", 1920 x 1280px, Ekran dotykowy,Intel Pentium Gold 6500Y,8,128 GB SSD,Intel UHD Graphics 615,3299
"14.1""", 1366 x 768px, 1366 x 768px,Intel Celeron N3450,4,64 GB SSD,Intel HD Graphics 500,1025
"14""", 1920 x 1080px, 60Hz,Intel Celeron N4020,4,128 GB SSD,Intel UHD Graphics 600,1599
"14""", 1920 x 1080px, 60Hz,Intel Celeron N4020,4,128 GB SSD,Intel UHD Graphics 600,1353
"13.5""", 2256 x 1504px, Dotykowy,Intel Pentium Gold 6405U,4,64 GB Flash,Intel UHD Graphics,2999
"16""", 1920 x 1200px, 60Hz,Intel Core i7-12700H,16,512 GB SSD,Intel Iris Xe Graphics,5099
"14""", 1920 x 1080px, 60Hz,Intel Celeron N4020,4,128 GB SSD,Intel UHD Graphics 600,1249
"15.6""", 1920 x 1080px, 144Hz,AMD Ryzen 7 6800H,16,512 GB SSD,NVIDIA GeForce RTX 3050,4999
"15.6""", 1920 x 1080px, 120Hz,AMD Ryzen 7 5800H,16,512 GB SSD,NVIDIA GeForce RTX 3050,4399
"16.2""", 3456 x 2234px, 120Hz,Apple M1 Pro,16,512 GB SSD,Apple M1 Pro (16 rdzeni),12999
"17.3""", 1920 x 1080px, 144Hz,AMD Ryzen 7 6800H,16,512 GB SSD,NVIDIA GeForce RTX 3050 Ti,5630
"16.2""", 3456 x 2234px, 120Hz,Apple M1 Max,32,1000 GB SSD,Apple M1 Max (32 rdzenie),17999
"15.6""", 1920 x 1080px, 144Hz,Intel Core i5-12500H,16,512 GB SSD,NVIDIA GeForce RTX 3050,5299
"16.1""", 1920 x 1080px, 144Hz,AMD Ryzen 7 5800H,16,1000 GB SSD,NVIDIA GeForce RTX 3060,5699
"15.6""", 1920 x 1080px, 120Hz,AMD Ryzen 5 5600H,8,512 GB SSD,NVIDIA GeForce GTX 1650,3599
"15.6""", 1920 x 1080px, 60Hz,AMD Ryzen 5 5600H,8,512 GB SSD,NVIDIA GeForce RTX 3050 Ti,4299
"17.3""", 2560 x 1440px, 165Hz,AMD Ryzen 7 5800H,16,1000 GB SSD,NVIDIA GeForce RTX 3080,8659
"16""", 1920 x 1200px, 60Hz,Intel Core i5-12450H,8,512 GB SSD,Intel UHD Graphics,3999
"15.6""", 1920 x 1080px, 120Hz,AMD Ryzen 5 5600H,8,512 GB SSD,NVIDIA GeForce GTX 1650,3299
"16.1""", 1920 x 1080px, 144Hz,AMD Ryzen 7 5800H,16,512 GB SSD,NVIDIA GeForce RTX 3050 Ti,4799
"11.6""", 1366 x 768px, 60Hz,Intel Celeron N4020,4,128 GB Flash,Intel UHD Graphics 600,1199
"16.2""", 3456 x 2234px, 120Hz,Apple M1 Pro,16,1000 GB SSD,Apple M1 Pro (16 rdzeni),14219
"15.6""", 2560 x 1440px, 165Hz,AMD Ryzen 7 5800H,16,1000 GB SSD,NVIDIA GeForce RTX 3070,8399
"13.6""", 2560 x 1664px, 2560 x 1664px,Apple M2,8,512 GB SSD,Apple M2 (10 rdzeni),7899
"13.3""", 2560 x 1600px, 2560 x 1600px,Apple M2,16,512 GB SSD,Apple M2 (10 rdzeni),9199
"17.3""", 1920 x 1080px, 360Hz,AMD Ryzen 7 6800H,16,1000 GB SSD,NVIDIA GeForce RTX 3060,8299
"17.3""", 1920 x 1080px, 144Hz,Intel Core i7-12700H,16,1000 GB SSD,NVIDIA GeForce RTX 3060,8649
"17.3""", 1920 x 1080px, 144Hz,Intel Core i7-12700H,16,512 GB SSD,NVIDIA GeForce RTX 3050 Ti,7349
"17.3""", 1920 x 1080px, 144Hz,AMD Ryzen 7 6800H,16,512 GB SSD,NVIDIA GeForce RTX 3050,5999
"15.6""", 1920 x 1080px, 165Hz,AMD Ryzen 5 5600H,8,512 GB SSD,NVIDIA GeForce GTX 1650,4099
"14.2""", 3024 x 1964px, 120Hz,Apple M1 Pro,32,512 GB SSD,Apple M1 Pro (14 rdzeni),12799
"15.6""", 1920 x 1080px, 60Hz,AMD Ryzen 5 3500U,8,512 GB SSD,AMD Radeon Vega 8,2149
"15.6""", 1920 x 1080px, 144Hz,AMD Ryzen 5 4600H,16,512 GB SSD,NVIDIA GeForce RTX 3050,3899
"15.6""", 1920 x 1080px, 60Hz,Intel Core i5-1135G7,8,256 GB SSD,Intel Iris Xe Graphics,3129
"15.6""", 1920 x 1080px, 144Hz,AMD Ryzen 7 6800H,16,512 GB SSD,NVIDIA GeForce RTX 3050,4949
"15.6""", 1920 x 1080px, 60Hz,AMD Ryzen 7 5700U,8,512 GB SSD,AMD Radeon Graphics,3599
"14""", 1920 x 1080px, 60Hz,AMD Ryzen 5 5500U,8,512 GB SSD,AMD Radeon Graphics,3199
"15.6""", 1920 x 1080px, 60Hz,AMD Athlon Silver 3050U,4,128 GB SSD,AMD Radeon Graphics,1849
"15.6""", 1366 x 768px, 60Hz,Intel Pentium Silver N6000,8,256 GB SSD,Intel UHD Graphics,2299
"15.6""", 1920 x 1080px, 60Hz,Intel Core i5-1135G7,8,256 GB SSD,Intel Iris Xe Graphics,2699
"14""", 1920 x 1080px, 60Hz,Intel Core i3-1115G4,8,512 GB SSD,Intel UHD Graphics,2349
"16""", 2560 x 1600px, 60Hz,Intel Core i5-11300H,16,1000 GB SSD,NVIDIA GeForce MX450,4449
"15.6""", 1920 x 1080px, 120Hz,AMD Ryzen 7 5800H,8,512 GB SSD,NVIDIA GeForce GTX 1650,3599
"15.6""", 1920 x 1080px, 165Hz,AMD Ryzen 7 5800H,16,512 GB SSD,NVIDIA GeForce RTX 3050 Ti,5099
"14""", 1920 x 1080px, 60Hz,Intel Core i5-1135G7,8,512 GB SSD,Intel Iris Xe Graphics,3199
"16.2""", 3456 x 2234px, 120Hz,Apple M1 Pro,16,512 GB SSD,Apple M1 Pro (16 rdzeni),12999
"15.6""", 1920 x 1080px, 120Hz,AMD Ryzen 7 5800H,16,512 GB SSD,NVIDIA GeForce RTX 3050 Ti,4899
"15.6""", 1920 x 1080px, 60Hz,AMD Ryzen 5 5500U,8,512 GB SSD,AMD Radeon Graphics,3149
"13.3""", 2560 x 1600px, 2560 x 1600px,Apple M2,16,256 GB SSD,Apple M2 (10 rdzeni),7999
"13.6""", 2560 x 1664px, 2560 x 1664px,Apple M2,8,512 GB SSD,Apple M2 (10 rdzeni),8799
"15.6""", 1920 x 1080px, 60Hz,AMD Ryzen 5 5600H,16,512 GB SSD,NVIDIA GeForce RTX 3050,5299
"15.6""", 1920 x 1080px, 144Hz,Intel Core i5-11300H,8,512 GB SSD,NVIDIA GeForce RTX 3050,4499
"14.2""", 3024 x 1964px, 120Hz,Apple M1 Pro,32,1000 GB SSD,Apple M1 Pro (16 rdzeni),15499
"13.3""", 1920 x 1200px, 60Hz,Intel Core i5-11320H,16,512 GB SSD,Intel Iris Xe Graphics,4699
"13.3""", 2560 x 1600px, 2560 x 1600px,Apple M2,8,512 GB SSD,Apple M2 (10 rdzeni),8299
"16""", 2560 x 1600px, 120Hz,AMD Ryzen 5 5600H,16,1000 GB SSD,NVIDIA GeForce GTX 1650,4639
"14""", 2240 x 1400px, 60Hz,AMD Ryzen 5 5600H,8,512 GB SSD,AMD Radeon Graphics,3299
"13.3""", 2560 x 1600px, 2560 x 1600px,Apple M2,8,512 GB SSD,Apple M2 (10 rdzeni),7699
"11.6""", 1366 x 768px, 60Hz,MediaTek MT8183,4,32 GB Flash,ARM Mali-G72 MP3,1042
"17.3""", 2560 x 1440px, 165Hz,Intel Core i7-11800H,32,1000 GB SSD,NVIDIA GeForce RTX 3070,10189
"15.6""", 2880 x 1620px, 120Hz,Intel Core i5-12500H,16,512 GB SSD,Intel Iris Xe Graphics,4499
"14""", 1920 x 1080px, 60Hz,Intel Core i7-1195G7,32,1000 GB SSD,NVIDIA GeForce MX450,7509
"17.3""", 1920 x 1080px, 60Hz,Intel Core i5-1135G7,8,256 GB SSD,Intel Iris Xe Graphics,3999
"15.6""", 1920 x 1080px, 60Hz,AMD Ryzen 3 5300U,4,256 GB SSD,AMD Radeon Graphics,2399
"15.6""", 1920 x 1080px, 120Hz,AMD Ryzen 5 5600H,16,512 GB SSD,NVIDIA GeForce GTX 1650,3799
"15.6""", 1920 x 1080px, 60Hz,Intel Core i5-11320H,16,512 GB SSD,Intel Iris Xe Graphics,4299
"16.2""", 3456 x 2234px, 120Hz,Apple M1 Pro,32,1000 GB SSD,Apple M1 Pro (16 rdzeni),16299
"15.6""", 1920 x 1080px, 60Hz,Intel Core i5-11300H,8,512 GB SSD,NVIDIA GeForce GTX 1650,4299
"15.6""", 1920 x 1080px, 60Hz,Intel Core i5-1135G7,8,512 GB SSD,Intel Iris Xe Graphics,3189
"15.6""", 2560 x 1440px, 165Hz,AMD Ryzen 9 5980HX,16,512 GB SSD,AMD Radeon RX 6800M,7433
"15.6""", 1920 x 1080px, 165Hz,AMD Ryzen 5 5600H,8,512 GB SSD,NVIDIA GeForce GTX 1650,3799
"16.2""", 3456 x 2234px, 120Hz,Apple M1 Pro,32,512 GB SSD,Apple M1 Pro (16 rdzeni),14599
"14""", 1920 x 1080px, 60Hz,AMD Ryzen 7 5700U,16,512 GB SSD,AMD Radeon Graphics,4299
"14""", 1920 x 1080px, 60Hz,Intel Core i3-1115G4,8,512 GB SSD,Intel UHD Graphics,2999
"13.4""", 1920 x 1200px, 60Hz,Intel Core i5-1135G7,8,256 GB SSD,Intel Iris Xe Graphics,6979
"15.6""", 1920 x 1080px, 60Hz,Intel Core i7-1195G7,8,512 GB SSD,Intel Iris Xe Graphics,3277
"10.1""", 1280 x 800px, 60Hz,Intel Celeron N4020,4,128 GB Flash,Intel UHD Graphics 600,1099
"15.6""", 1920 x 1080px, 60Hz,Intel Core i7-1165G7,8,512 GB SSD,Intel Iris Xe Graphics,4699
"13.3""", 2560 x 1600px, 2560 x 1600px,Apple M2,16,1000 GB SSD,Apple M2 (10 rdzeni),10399
"15.6""", 1920 x 1080px, 165Hz,AMD Ryzen 7 5800H,16,512 GB SSD,NVIDIA GeForce RTX 3050,4899
"14""", 1920 x 1080px, 60Hz,Intel Core i7-1195G7,16,1000 GB SSD,NVIDIA GeForce MX450,6499
"17.3""", 1920 x 1080px, 144Hz,Intel Core i7-11370H,16,512 GB SSD,NVIDIA GeForce RTX 3050 Ti,5899
"15.6""", 1920 x 1080px, 144Hz,Intel Core i7-11370H,16,512 GB SSD,NVIDIA GeForce RTX 3050 Ti,5499
"15.6""", 1920 x 1080px, 60Hz,Intel Core i5-11300H,8,512 GB SSD,NVIDIA GeForce RTX 3050,3999
"15.6""", 2560 x 1440px, 165Hz,Intel Core i7-11800H,16,1000 GB SSD,NVIDIA GeForce RTX 3070,8499
"15.6""", 1920 x 1080px, 120Hz,Intel Core i5-11260H,16,512 GB SSD,NVIDIA GeForce RTX 3050,4383
"15.6""", 1920 x 1080px, 165Hz,Intel Core i7-11800H,16,512 GB SSD,NVIDIA GeForce RTX 3060,6999
"15.6""", 1920 x 1080px, 144Hz,Intel Core i5-10300H,8,512 GB SSD,NVIDIA GeForce RTX 3050,4559
"15.6""", 1920 x 1080px, 60Hz,AMD Ryzen 5 5600H,8,512 GB SSD,NVIDIA GeForce RTX 3050 Ti,4599
"16.1""", 1920 x 1080px, 144Hz,AMD Ryzen 5 5600H,16,512 GB SSD,NVIDIA GeForce RTX 3050 Ti,4499
"15.6""", 1920 x 1080px, 60Hz,Intel Core i5-1035G1,8,256 GB SSD,Intel UHD Graphics,2899
"15.6""", 1920 x 1080px, 144Hz,AMD Ryzen 7 5800H,32,1000 GB SSD,NVIDIA GeForce RTX 3060,7559
"14""", 2160 x 1440px, 60Hz,Intel Core i5-1135G7,16,512 GB SSD,Intel Iris Xe Graphics,4999
"15.6""", 2560 x 1440px, 165Hz,AMD Ryzen 9 5900HS,32,512 GB SSD,NVIDIA GeForce RTX 3070,8999
"13.6""", 2560 x 1664px, 2560 x 1664px,Apple M2,8,256 GB SSD,Apple M2 (8 rdzeni),6499
"13.3""", 2560 x 1600px, 2560 x 1600px,Apple M2,16,512 GB SSD,Apple M2 (10 rdzeni),8999
"16""", 2560 x 1600px, 2560 x 1600px,Intel Core i7-11370H,16,1000 GB SSD,NVIDIA GeForce MX450,4949
"15.6""", 1920 x 1080px, 144Hz,Intel Core i7-12700H,16,512 GB SSD,NVIDIA GeForce RTX 3070,8299
"15.6""", 3840 x 2160px, 60Hz,Intel Core i7-11800H,16,1000 GB SSD,NVIDIA GeForce RTX 3070 Max-Q,7599
"13.3""", 2560 x 1600px, 2560 x 1600px,Apple M2,16,512 GB SSD,Apple M2 (10 rdzeni),8999
"13.3""", 2560 x 1600px, 2560 x 1600px,Apple M2,16,512 GB SSD,Apple M2 (10 rdzeni),9899
"17.3""", 1920 x 1080px, 60Hz,Intel Celeron N4500,8,128 GB Flash,Intel UHD Graphics,2129
"15.6""", 1920 x 1080px, 165Hz,Intel Core i5-11400H,8,512 GB SSD,NVIDIA GeForce RTX 3050 Ti,4499
"16""", 2560 x 1600px, 120Hz,AMD Ryzen 5 5600H,16,512 GB SSD,NVIDIA GeForce GTX 1650,4449
"17.3""", 2560 x 1440px, 165Hz,Intel Core i7-11800H,32,1000 (x2) GB SSD,NVIDIA GeForce RTX 3070,11199
"15.6""", 1920 x 1080px, 165Hz,Intel Core i7-12700H,16,512 GB SSD,NVIDIA GeForce RTX 3050,6399
"15.6""", 2560 x 1440px, 240Hz,16,1000 GB SSD,NVIDIA GeForce RTX 3070 Ti,Brak,11199
"17.3""", 1920 x 1080px, 144Hz,AMD Ryzen 7 6800H,16,512 GB SSD,NVIDIA GeForce RTX 3050 Ti,5363
"15.6""", 1920 x 1080px, 60Hz,AMD Ryzen 5 5500U,8,512 GB SSD,AMD Radeon Graphics,2999
"15.6""", 1920 x 1080px, 60Hz,Intel Core i5-1135G7,8,512 GB SSD,Intel Iris Xe Graphics,3349
"17.3""", 1920 x 1080px, 144Hz,Intel Core i9-11900H,32,1000 GB SSD,NVIDIA GeForce RTX 3070,9999
"17.3""", 1920 x 1080px, 144Hz,Intel Core i7-11800H,16,1000 GB SSD,NVIDIA GeForce RTX 3060,8399
"17.3""", 1920 x 1080px, 144Hz,Intel Core i7-11370H,16,512 GB SSD,NVIDIA GeForce RTX 3050,5699
"15.6""", 1920 x 1080px, 60Hz,AMD Ryzen 5 5500U,8,512 GB SSD,AMD Radeon Graphics,2599
"14""", 1920 x 1200px, 60Hz,Intel Core i7-1165G7,16,1000 GB SSD,NVIDIA GeForce GTX 1650 Ti,7449
"15.6""", 1920 x 1080px, 144Hz,AMD Ryzen 7 5800H,16,1000 GB SSD,NVIDIA GeForce RTX 3070,7299
"15.6""", 1920 x 1080px, 60Hz,Intel Core i5-11320H,8,512 GB SSD,Intel Iris Xe Graphics,4099
"15.6""", 1920 x 1080px, 120Hz,AMD Ryzen 7 5825U,8,512 GB SSD,AMD Radeon Graphics,3399
"12.6""", 2560 x 1600px, 60Hz,Intel Core i5-1130G7,16,512 GB SSD,Intel Iris Xe Graphics,6499
"15.6""", 1366 x 768px, 60Hz,Intel Celeron N4500,4,128 GB Flash,Intel HD Graphics,1599
"14""", 1920 x 1080px, 60Hz,Intel Core i7-11800H,16,1000 GB SSD,NVIDIA GeForce GTX 1650,7849
"15.6""", 1920 x 1080px, 60Hz,AMD Ryzen 5 5500U,16,512 GB SSD,AMD Radeon Graphics,3999
"14""", 1920 x 1080px, 60Hz,Intel Core i5-1155G7,8,512 GB SSD,Intel Iris Xe Graphics,4199
"13.3""", 2560 x 1600px, 60Hz,Intel Core i5-11320H,16,512 GB SSD,Intel Iris Xe Graphics,4599
"13.3""", 2560 x 1600px, 60Hz,Intel Core i5-11320H,8,512 GB SSD,Intel Iris Xe Graphics,4099
"15.6""", 1920 x 1080px, 144Hz,Intel Core i7-10750H,32,1000 GB SSD,NVIDIA GeForce RTX 3080,9999
"14""", 1920 x 1080px, 144Hz,AMD Ryzen 7 5800HS,16,512 GB SSD,NVIDIA GeForce RTX 3050,5499
"17.3""", 1920 x 1080px, 144Hz,Intel Core i5-10300H,8,512 GB SSD,NVIDIA GeForce RTX 3060,4999
"15.6""", 1920 x 1080px, 300Hz,Intel Core i7-10870H,16,1000 GB SSD,NVIDIA GeForce RTX 3080,10999
"14""", 1920 x 1080px, 60Hz,Intel Core i5-10210U,8,256 GB SSD,Intel UHD Graphics,4999
"13.3""", 2560 x 1600px, 2560 x 1600px,Apple M2,8,256 GB SSD,Apple M2 (10 rdzeni),6539
"14""", 1920 x 1080px, 60Hz,Intel Celeron N4120,4,64 GB Flash,Intel UHD Graphics 600,2299
"16.1""", 1920 x 1080px, 144Hz,Intel Core i5-12500H,16,512 GB SSD,NVIDIA GeForce RTX 3050 Ti,5899
"16.1""", 1920 x 1080px, 144Hz,Intel Core i7-12700H,16,512 GB SSD,NVIDIA GeForce RTX 3050 Ti,6699
"13.6""", 2560 x 1664px, 2560 x 1664px,Apple M2,8,512 GB SSD,Apple M2 (10 rdzeni),8349
"15.6""", 1920 x 1080px, 120Hz,Intel Core i5-11400H,8,512 GB SSD,NVIDIA GeForce GTX 1650,3599
"16""", 2560 x 1600px, 60Hz,Intel Core i7-1260P,16,512 GB SSD,Intel Iris Xe Graphics,7019
"17""", 2560 x 1600px, 60Hz,Intel Core i5-1240P,16,512 GB SSD,Intel Iris Xe Graphics,6569
"17""", 2560 x 1600px, 60Hz,Intel Core i7-1260P,16,512 GB SSD,Intel Iris Xe Graphics,7199
"15.6""", 1920 x 1080px, 120Hz,AMD Ryzen 5 5625U,16,512 GB SSD,AMD Radeon Graphics,3899
"15.6""", 1920 x 1080px, 120Hz,AMD Ryzen 5 5625U,16,512 GB SSD,AMD Radeon Graphics,3899
"11.6""", 1366 x 768px, Dotykowy,MediaTek MT8183,4,64 GB Flash,ARM Mali-G72 MP3,1399
"11.6""", 1366 x 768px, 60Hz,MediaTek MT8183,4,64 GB Flash,ARM Mali-G72 MP3,1249
"13.4""", 1920 x 1200px, 120Hz,Intel Core i7-12700H,16,512 GB SSD,NVIDIA GeForce RTX 3050,8699
"14""", 1920 x 1200px, 144Hz,AMD Ryzen 7 6800HS,16,1000 GB SSD,AMD Radeon RX 6700S,8499
"15.6""", 1920 x 1080px, 60Hz,Intel Core i7-1195G7,8,512 GB SSD,Intel Iris Xe Graphics,3299
"17.3""", 1920 x 1080px, 144Hz,Intel Core i7-11800H,32,1000 (x2) GB SSD,NVIDIA GeForce RTX 3070,10089
"16""", 2560 x 1600px, 165Hz,AMD Ryzen 9 6900HS,32,1000 GB SSD,NVIDIA GeForce RTX 3070 Ti,13999
"15.6""", 1920 x 1080px, 144Hz,AMD Ryzen 5 4600H,16,512 GB SSD,NVIDIA GeForce RTX 3050,4113
"15.6""", 1920 x 1080px, 165Hz,Intel Core i7-12700H,16,512 GB SSD,NVIDIA GeForce RTX 3070 Ti,7799
"15.6""", 1920 x 1080px, 144Hz,Intel Core i7-12700H,16,1000 GB SSD,NVIDIA GeForce RTX 3050,7149
"15.6""", 1920 x 1080px, 60Hz,AMD Athlon Silver 3050U,8,128 GB SSD,AMD Radeon Graphics,1599
"14""", 1920 x 1080px, 60Hz,Intel Core i7-1195G7,8,512 GB SSD,Intel Iris Xe Graphics,3799
"17.3""", 1920 x 1080px, 144Hz,AMD Ryzen 7 6800H,16,512 GB SSD,NVIDIA GeForce RTX 3050,6199
"16.1""", 1920 x 1080px, 60Hz,AMD Ryzen 5 5600H,8,512 GB SSD,NVIDIA GeForce RTX 3050,4099
"16.1""", 2560 x 1440px, 165Hz,AMD Ryzen 9 5900HX,32,1000 GB SSD,NVIDIA GeForce RTX 3070,8899
"17.3""", 1920 x 1080px, 144Hz,Intel Core i7-11800H,32,1000 GB SSD,NVIDIA GeForce RTX 3070,9799
"15.6""", 1920 x 1080px, 60Hz,AMD Ryzen 5 5500U,8,512 GB SSD,AMD Radeon Graphics,2549
"17.3""", 1920 x 1080px, 144Hz,Intel Core i5-11300H,8,512 GB SSD,NVIDIA GeForce RTX 3050 Ti,4799
"15.6""", 1920 x 1080px, 144Hz,Intel Core i5-11300H,8,512 GB SSD,NVIDIA GeForce RTX 3050 Ti,4649
"15.6""", 1920 x 1080px, 60Hz,AMD Ryzen 3 5300U,8,256 GB SSD,AMD Radeon Graphics,2199
"14""", 1920 x 1080px, 60Hz,Intel Core i5-11320H,8,256 GB SSD,Intel Iris Xe Graphics,3999
"15.6""", 1920 x 1080px, 60Hz,Intel Core i5-1135G7,8,512 GB SSD,NVIDIA GeForce MX350,4099
"15.6""", 1920 x 1080px, 60Hz,Intel Core i3-1115G4,8,256 GB SSD,Intel UHD Graphics,2999
"15.6""", 1920 x 1080px, 60Hz,Intel Core i5-1135G7,8,256 GB SSD,Intel UHD Graphics,3299
"15.6""", 1920 x 1080px, 60Hz,AMD Ryzen 5 5600H,8,512 GB SSD,NVIDIA GeForce RTX 3050,4399
"16.1""", 1920 x 1080px, 144Hz,AMD Ryzen 5 5600H,16,512 GB SSD,NVIDIA GeForce RTX 3050,4699
"17.3""", 1920 x 1080px, 144Hz,Intel Core i5-11300H,16,512 GB SSD,NVIDIA GeForce RTX 3050,5099
"14""", 2560 x 1600px, 60Hz,Intel Core i5-11300H,16,512 GB SSD,NVIDIA GeForce GTX 1650,3899
"16.1""", 1920 x 1080px, 144Hz,AMD Ryzen 5 5600H,16,512 GB SSD,NVIDIA GeForce RTX 3050 Ti,4999
"15.6""", 1920 x 1080px, 120Hz,AMD Ryzen 5 5600H,8,512 GB SSD,NVIDIA GeForce GTX 1650,3599
"15.6""", 1920 x 1080px, 240Hz,AMD Ryzen 9 5900H,16,1000 GB SSD,AMD Radeon RX 6700M,7499
"15.6""", 1920 x 1080px, 60Hz,AMD Ryzen 5 5500U,8,512 GB SSD,AMD Radeon Graphics,3199
"15.6""", 1920 x 1080px, 60Hz,AMD Ryzen 3 5300U,4,256 GB SSD,AMD Radeon Graphics,2499
"14""", 1920 x 1080px, 60Hz,AMD Ryzen 7 5700U,16,512 GB SSD,AMD Radeon Graphics,4899
"14""", 1920 x 1080px, 60Hz,Intel Core i7-1195G7,8,512 GB SSD,Intel Iris Xe Graphics,4749
"13.3""", 2560 x 1600px, 60Hz,Intel Core i5-11320H,8,512 GB SSD,Intel Iris Xe Graphics,4199
"16""", 2560 x 1600px, 60Hz,Intel Core i5-1135G7,16,512 GB SSD,Intel Iris Xe Graphics,4349
"14""", 1920 x 1080px, 60Hz,Intel Core i7-1185G7,16,512 GB SSD,NVIDIA GeForce GTX 1650 Max-Q,5299
"15.6""", 1920 x 1080px, 60Hz,AMD Ryzen 5 3450U,8,256 GB SSD,AMD Radeon Vega 8,3199
"16""", 1920 x 1200px, 144Hz,Intel Core i7-11800H,16,1000 GB SSD,NVIDIA GeForce RTX 3050 Ti,7347
"15.6""", 1920 x 1080px, 144Hz,AMD Ryzen 7 5800HS,16,512 GB SSD,NVIDIA GeForce RTX 3060,7999
"14""", 1920 x 1080px, 60Hz,Intel Core i3-1115G4,4,256 GB SSD,Intel UHD Graphics,2399
"15.6""", 2560 x 1440px, 165Hz,AMD Ryzen 7 5800HS,16,512 GB SSD,NVIDIA GeForce RTX 3060,7599
"14.5""", 2560 x 1600px, 60Hz,Intel Core i5-1135G7,8,512 GB SSD,Intel Iris Xe Graphics,4599
"14""", 1920 x 1080px, 60Hz,Intel Core i7-1185G7,16,1000 GB SSD,NVIDIA GeForce GTX 1650 Ti Max-Q,6599
"15.6""", 1920 x 1080px, 240Hz,Intel Core i7-9750H,16,512 GB SSD,NVIDIA GeForce RTX 2070,7799
"10.1""", 1280 x 800px, 60Hz,Intel Celeron N4020,4,128 GB Flash,Intel UHD Graphics 600,999
"16.1""", 1920 x 1080px, 144Hz,Intel Core i5-12500H,16,512 GB SSD,NVIDIA GeForce RTX 3050 Ti,6799
"15.6""", 1920 x 1080px, 60Hz,AMD Ryzen 7 5700U,16,1000 GB SSD,AMD Radeon Graphics,5899
"13.3""", 1920 x 1080px, 60Hz,AMD Ryzen 5 5600U,16,512 GB SSD,AMD Radeon Graphics,5299
"15.6""", 1920 x 1080px, 60Hz,AMD Ryzen 7 5800U,8,512 GB SSD,AMD Radeon Graphics,4299
"13.3""", 2560 x 1600px, 2560 x 1600px,Apple M2,8,256 GB SSD,Apple M2 (10 rdzeni),7499
"14""", 1920 x 1200px, 144Hz,AMD Ryzen 7 6800HS,16,512 GB SSD,AMD Radeon RX 6700S,8399
"14""", 1920 x 1200px, 60Hz,Intel Core i5-1240P,16,512 GB SSD,Intel Iris Xe Graphics,6029
"16""", 2560 x 1600px, 60Hz,Intel Core i7-1260P,16,1000 GB SSD,Intel Iris Xe Graphics,8099
"16""", 2560 x 1600px, 60Hz,Intel Core i7-1260P,16,512 GB SSD,Intel Iris Xe Graphics,7019
"17""", 2560 x 1600px, 60Hz,Intel Core i5-1240P,16,1000 GB SSD,Intel Iris Xe Graphics,7109
"15.6""", 1920 x 1080px, 120Hz,Intel Core i7-12700H,16,512 GB SSD,NVIDIA GeForce RTX 3060,7899
"15.6""", 2560 x 1440px, 240Hz,Intel Core i7-12800HX,32,2000 GB SSD,NVIDIA GeForce RTX 3080 Ti,17899
"11.6""", 1366 x 768px, Dotykowy,MediaTek MT8183,4,64 GB Flash,ARM Mali-G72 MP3,1469
"14""", 1920 x 1080px, 60Hz,Intel Core i5-1130G7,16,512 GB SSD,Intel Iris Xe Graphics,4099
"14""", 1920 x 1080px, 60Hz,Intel Core i5-1130G7,8,512 GB SSD,Intel Iris Xe Graphics,3849
"14""", 1920 x 1080px, 60Hz,Intel Core i3-1110G4,8,256 GB SSD,Intel UHD Graphics,3249
"14""", 1920 x 1080px, 60Hz,Intel Celeron N4500,4,128 GB Flash,Intel UHD Graphics,2149
"17.3""", 1920 x 1080px, 60Hz,Intel Celeron N4500,4,32 GB Flash,Intel UHD Graphics,1899
"15.6""", 1920 x 1080px, 120Hz,AMD Ryzen 7 5800H,8,512 GB SSD,NVIDIA GeForce RTX 3050 Ti,4099
"14""", 2160 x 1140px, 60Hz,Intel Core i5-11320H,16,512 GB SSD,Intel Iris Xe Graphics,4199
"13.5""", 2256 x 1504px, 60Hz,Intel Core i5-1145G7,8,512 GB SSD,Intel Iris Xe Graphics,5999
"13.5""", 2256 x 1504px, 60Hz,Intel Core i5-1145G7,16,512 GB SSD,Intel Iris Xe Graphics,6799
"13.5""", 2256 x 1504px, 60Hz,Intel Core i5-1145G7,16,512 GB SSD,Intel Iris Xe Graphics,6799
"16""", 2560 x 1600px, 240Hz,Intel Core i7-12700H,16,1000 GB SSD,NVIDIA GeForce RTX 3070 Ti,11749
"16""", 2560 x 1600px, 240Hz,Intel Core i9-12900H,16,1000 GB SSD,NVIDIA GeForce RTX 3080 Ti,16799
"16""", 2560 x 1600px, 240Hz,Intel Core i9-12900H,16,2000 GB SSD,NVIDIA GeForce RTX 3080 Ti,17549
"15.6""", 2560 x 1440px, 165Hz,Intel Core i7-12700H,32,1000 GB SSD,NVIDIA GeForce RTX 3070 Ti,12449
"15.6""", 1920 x 1080px, 165Hz,Intel Core i7-12700H,16,1000 GB SSD,NVIDIA GeForce RTX 3060,8999
"17.3""", 1920 x 1080px, 165Hz,Intel Core i7-12700H,16,1000 GB SSD,NVIDIA GeForce RTX 3070 Ti,9499
"17.3""", 1920 x 1080px, 165Hz,Intel Core i7-12700H,32,1000 GB SSD,NVIDIA GeForce RTX 3070 Ti,11099
"15.6""", 1920 x 1080px, 360Hz,Intel Core i7-11800H,32,1000 GB SSD,NVIDIA GeForce RTX 3070,10299
"17.3""", 2560 x 1440px, 165Hz,Intel Core i7-11800H,16,1000 GB SSD,NVIDIA GeForce RTX 3070,9899
"15.6""", 1920 x 1080px, 144Hz,Intel Core i7-12700H,16,512 GB SSD,NVIDIA GeForce RTX 3050,6149
"15.6""", 2560 x 1440px, 165Hz,Intel Core i7-12700H,16,1000 GB SSD,NVIDIA GeForce RTX 3070 Ti,9199
"15.6""", 2560 x 1440px, 165Hz,Intel Core i7-12700H,16,1000 GB SSD,NVIDIA GeForce RTX 3070 Ti,9799
"15.6""", 1920 x 1080px, 60Hz,AMD Ryzen 3 3250U,8,512 GB SSD,AMD Radeon RX Vega 3,2299
"14""", 1920 x 1080px, 60Hz,Intel Core i5-1155G7,8,512 GB SSD,Intel Iris Xe Graphics,3199
"15.6""", 1920 x 1080px, 60Hz,Intel Core i5-12500H,16,512 GB SSD,Intel Iris Xe Graphics,4399
"13.3""", 1920 x 1080px, 60Hz,Intel Core i7-1165G7,16,512 GB SSD,Intel Iris Xe Graphics,5399
"16.1""", 1920 x 1080px, 144Hz,Intel Core i7-11800H,16,512 GB SSD,NVIDIA GeForce RTX 3050 Ti,6149
"16.1""", 1920 x 1080px, 144Hz,AMD Ryzen 7 5800H,16,1000 GB SSD,NVIDIA GeForce RTX 3060,6499
"16.1""", 1920 x 1080px, 144Hz,Intel Core i7-11800H,16,512 GB SSD,NVIDIA GeForce RTX 3060,6299
"16.1""", 1920 x 1080px, 144Hz,AMD Ryzen 7 5800H,16,1000 GB SSD,NVIDIA GeForce RTX 3070,8399
"16.1""", 1920 x 1080px, 144Hz,Intel Core i7-11800H,32,1000 GB SSD,NVIDIA GeForce RTX 3060,7849
"15.6""", 1920 x 1080px, 60Hz,AMD Ryzen 5 5500U,8,512 GB SSD,AMD Radeon Graphics,2599
"14""", 1920 x 1080px, 60Hz,AMD Ryzen 3 5300U,4,256 GB SSD,AMD Radeon Graphics,2379
"15.6""", 1920 x 1080px, 144Hz,AMD Ryzen 7 5800H,8,512 GB SSD,NVIDIA GeForce RTX 3050,4499
"15.6""", 1920 x 1080px, 60Hz,Intel Core i5-1135G7,8,512 GB SSD,Intel Iris Xe Graphics,2999
"15.6""", 1920 x 1080px, 60Hz,Intel Core i5-11300H,8,512 GB SSD,NVIDIA GeForce RTX 3050 Ti,3899
"15.6""", 1920 x 1080px, 165Hz,Intel Core i7-11800H,16,512 GB SSD,NVIDIA GeForce RTX 3060,6999
"16""", 1920 x 1200px, 60Hz,AMD Ryzen 5 5625U,8,512 GB SSD,AMD Radeon Graphics,3999
"14""", 1920 x 1080px, 60Hz,Intel Core i5-11320H,8,256 GB SSD,Intel Iris Xe Graphics,4199
"15.6""", 1920 x 1080px, 120Hz,Intel Core i7-12700H,16,512 GB SSD,NVIDIA GeForce RTX 3050 Ti,6599
"14""", 1920 x 1200px, 60Hz,AMD Ryzen 7 5825U,16,512 GB SSD,AMD Radeon Graphics,4899
"15.6""", 1920 x 1080px, 120Hz,AMD Ryzen 7 5825U,8,512 GB SSD,AMD Radeon Graphics,4099
"15.6""", 1920 x 1080px, 60Hz,Intel Core i3-1115G4,8,256 GB SSD,Intel UHD Graphics,2799
"17.3""", 2560 x 1440px, 165Hz,Intel Core i7-11800H,16,1000 GB SSD,NVIDIA GeForce RTX 3070,12499
"16""", 2520 x 1680px, 60Hz,AMD Ryzen 5 5600H,16,512 GB SSD,AMD Radeon Graphics,4844
"16.1""", 1920 x 1080px, 144Hz,AMD Ryzen 5 5600H,16,512 GB SSD,NVIDIA GeForce RTX 3050,4299
"14.1""", 1366 x 768px, 60Hz,AMD A4-9120e,4,128 GB Flash,AMD Radeon R3,1499
"17.3""", 1920 x 1080px, 144Hz,Intel Core i5-11300H,16,512 GB SSD,NVIDIA GeForce RTX 3050 Ti,4999
"17.3""", 1920 x 1080px, 144Hz,Intel Core i7-11370H,16,512 GB SSD,NVIDIA GeForce RTX 3050 Ti,5499
"15.6""", 1920 x 1080px, 60Hz,AMD Ryzen 5 5500U,8,512 GB SSD,AMD Radeon Graphics,3169
"17.3""", 1920 x 1080px, 144Hz,Intel Core i5-11300H,8,512 GB SSD,NVIDIA GeForce RTX 3050,4899
"15.6""", 2560 x 1440px, 165Hz,AMD Ryzen 7 6800H,16,1000 GB SSD,NVIDIA GeForce RTX 3070 Ti,8999
"15.6""", 1920 x 1080px, 120Hz,AMD Ryzen 7 5800H,8,512 GB SSD,NVIDIA GeForce GTX 1650,3999
"15.6""", 1920 x 1080px, 120Hz,Intel Core i5-11300H,8,512 GB SSD,NVIDIA GeForce RTX 3050 Ti,3999
"15.6""", 1920 x 1080px, 60Hz,Intel Core i5-1135G7,8,512 GB SSD,Intel Iris Xe Graphics,2599
"14""", 2240 x 1400px, 60Hz,Intel Core i5-1135G7,8,512 GB SSD,Intel Iris Xe Graphics,3699
"15.6""", 1920 x 1080px, 60Hz,Intel Core i5-1135G7,8,512 GB SSD,Intel Iris Xe Graphics,4999
"16""", 2560 x 1600px, 165Hz,Intel Core i9-11900H,16,1000 GB SSD,NVIDIA GeForce RTX 3080,14499
"15.6""", 1920 x 1080px, 60Hz,AMD Ryzen 5 5500U,8,256 GB SSD,AMD Radeon Graphics,3099
"14""", 1920 x 1080px, 60Hz,Intel Core i7-1165G7,8,512 GB SSD,Intel Iris Xe Graphics,4599
"10.5""", 1920 x 1280px, 60Hz,Intel Pentium Gold 4425Y,8,128 GB SSD,Intel HD Graphics 615,3299
"13.3""", 1920 x 1080px, 60Hz,Intel Core i5-11320H,8,512 GB SSD,Intel Iris Xe Graphics,3799
"15.6""", 1920 x 1080px, 165Hz,Intel Core i7-11800H,16,1000 GB SSD,NVIDIA GeForce RTX 3060,6999
"15.6""", 1920 x 1080px, 120Hz,Intel Core i5-11400H,16,512 GB SSD,NVIDIA GeForce RTX 3050,4799
"14""", 1920 x 1080px, 60Hz,Intel Core i7-1195G7,8,512 GB SSD,Intel Iris Xe Graphics,4899
"14""", 1920 x 1080px, 60Hz,Intel Core i5-1155G7,8,512 GB SSD,NVIDIA GeForce MX350,4999
"16.2""", 3456 x 2234px, 120Hz,Apple M1 Pro,16,1000 GB SSD,Apple M1 Pro (16 rdzeni),13604
"14.2""", 3024 x 1964px, 120Hz,Apple M1 Pro,16,1000 GB SSD,Apple M1 Pro (16 rdzeni),12999
"16.2""", 3456 x 2234px, 120Hz,Apple M1 Max,32,1000 GB SSD,Apple M1 Max (32 rdzenie),18299
"15.6""", 2560 x 1440px, 165Hz,Intel Core i7-11800H,16,2000 GB SSD,NVIDIA GeForce RTX 3080,12169
"15.6""", 1920 x 1080px, 60Hz,Intel Core i5-1135G7,8,256 GB SSD,Intel Iris Xe Graphics,3149
"15.6""", 2560 x 1440px, 165Hz,Intel Core i7-11800H,16,1000 GB SSD,NVIDIA GeForce RTX 3080,10999
"15.6""", 1920 x 1080px, 60Hz,AMD Ryzen 3 5300U,8,256 GB SSD,AMD Radeon Graphics,2849
"14.2""", 2520 x 1680px, 90Hz,Intel Core i5-11300H,8,512 GB SSD,Intel Iris Xe Graphics,4404
"15.6""", 3840 x 2160px, 60Hz,Intel Core i7-10875H,32,1000 (x2) GB SSD,NVIDIA Quadro RTX 5000,18999
"14""", 1920 x 1080px, 60Hz,Intel Core i7-1165G7,8,512 GB SSD,NVIDIA GeForce MX330,4299
"13.3""", 1920 x 1080px, 60Hz,Intel Core i5-10210U,8,256 GB SSD,Intel UHD Graphics,5049
"15.6""", 1920 x 1080px, 165Hz,Intel Core i7-12700H,16,512 GB SSD,NVIDIA GeForce RTX 3060,8499
"13.6""", 2560 x 1664px, 60Hz,Apple M2,8,256 GB SSD,Apple M2 (8 rdzeni),6699
"13.6""", 2560 x 1664px, 60Hz,Apple M2,8,256 GB SSD,Apple M2 (8 rdzeni),6499
"13.6""", 2560 x 1664px, 60Hz,Apple M2,8,256 GB SSD,Apple M2 (8 rdzeni),6999
"15.6""", 1920 x 1080px, 120Hz,AMD Ryzen 5 5600H,16,512 GB SSD,NVIDIA GeForce RTX 3050,4399
"16""", 1920 x 1200px, 60Hz,AMD Ryzen 5 5625U,16,512 GB SSD,AMD Radeon Graphics,4499
"14.2""", 3120 x 2080px, 90Hz,Intel Core i7-1260P,16,512 GB SSD,Intel Iris Xe Graphics,8499
"17.3""", 1920 x 1080px, 360Hz,Intel Core i7-12700H,16,1000 GB SSD,NVIDIA GeForce RTX 3060,9199
"15.6""", 3840 x 2160px, 60Hz,Intel Core i7-12700H,16,1000 GB SSD,NVIDIA GeForce RTX 3060,9199
"16.1""", 2560 x 1440px, 165Hz,Intel Core i7-12700H,16,1000 GB SSD,NVIDIA GeForce RTX 3070 Ti,10699
"16.1""", 1920 x 1080px, 144Hz,Intel Core i5-12500H,16,512 GB SSD,NVIDIA GeForce RTX 3060,6799
"16.1""", 1920 x 1080px, 144Hz,Intel Core i5-12500H,8,512 GB SSD,NVIDIA GeForce GTX 1650,4699
"16.1""", 1920 x 1080px, 144Hz,AMD Ryzen 7 5800H,16,1000 GB SSD,NVIDIA GeForce RTX 3060,7099
"16.1""", 1920 x 1080px, 144Hz,AMD Ryzen 7 5800H,16,512 GB SSD,NVIDIA GeForce RTX 3050 Ti,6099
"16.1""", 1920 x 1080px, 144Hz,Intel Core i5-12500H,8,512 GB SSD,NVIDIA GeForce GTX 1650,5099
"16.1""", 2560 x 1440px, 165Hz,AMD Ryzen 9 5900HX,32,1000 GB SSD,NVIDIA GeForce RTX 3070,10699
"16.1""", 2560 x 1440px, 165Hz,AMD Ryzen 7 5800H,32,1000 GB SSD,NVIDIA GeForce RTX 3070,9299
"16.1""", 1920 x 1080px, 144Hz,AMD Ryzen 7 5800H,32,1000 GB SSD,NVIDIA GeForce RTX 3070,8999
"16.1""", 1920 x 1080px, 144Hz,AMD Ryzen 7 5800H,16,1000 GB SSD,NVIDIA GeForce RTX 3070,9099
"16.1""", 1920 x 1080px, 144Hz,AMD Ryzen 7 5800H,16,512 GB SSD,NVIDIA GeForce RTX 3070,8299
"16.1""", 2560 x 1440px, 165Hz,AMD Ryzen 7 5800H,16,512 GB SSD,NVIDIA GeForce RTX 3070,8499
"16.1""", 1920 x 1080px, 144Hz,Intel Core i5-12500H,16,512 GB SSD,NVIDIA GeForce RTX 3060,7599
"16.1""", 1920 x 1080px, 144Hz,AMD Ryzen 7 5800H,16,1000 GB SSD,NVIDIA GeForce RTX 3070,8499
"15.6""", 1920 x 1080px, 60Hz,AMD Ryzen 5 5500U,16,1000 GB SSD,AMD Radeon Graphics,5399
"16.1""", 1920 x 1080px, 144Hz,AMD Ryzen 7 5800H,16,1000 GB SSD,NVIDIA GeForce RTX 3060,6499
"16.1""", 2560 x 1440px, 165Hz,AMD Ryzen 7 5800H,16,1000 GB SSD,NVIDIA GeForce RTX 3060,6899
"16.1""", 2560 x 1440px, 165Hz,AMD Ryzen 7 5800H,16,1000 GB SSD,NVIDIA GeForce RTX 3060,7499
"16.1""", 1920 x 1080px, 144Hz,Intel Core i5-12500H,16,512 GB SSD,Intel Iris Xe Graphics,5399
"16.1""", 1920 x 1080px, 144Hz,Intel Core i5-12500H,16,512 GB SSD,NVIDIA GeForce RTX 3050 Ti,5599
"16.1""", 1920 x 1080px, 144Hz,Intel Core i5-12500H,16,512 GB SSD,NVIDIA GeForce RTX 3060,6299
"16.1""", 1920 x 1080px, 144Hz,Intel Core i7-12700H,16,512 GB SSD,NVIDIA GeForce RTX 3060,7399
"16.1""", 1920 x 1080px, 144Hz,Intel Core i7-12700H,16,512 GB SSD,NVIDIA GeForce RTX 3060,6799
"16.1""", 2560 x 1440px, 165Hz,Intel Core i7-12700H,16,1000 GB SSD,NVIDIA GeForce RTX 3060,8999
"13.3""", 1920 x 1080px, 60Hz,Intel Core i7-1165G7,8,512 GB SSD,Intel Iris Xe Graphics,4899
"14""", 1920 x 1080px, 60Hz,AMD Ryzen 7 5800U,8,512 GB SSD,AMD Radeon Graphics,4199
"15.6""", 1920 x 1080px, 60Hz,AMD Ryzen 7 5700U,8,512 GB SSD,AMD Radeon Graphics,3899
"15.6""", 2560 x 1440px, 165Hz,AMD Ryzen 5 5600H,16,1000 GB SSD,NVIDIA GeForce RTX 3070,7999
"16""", 2560 x 1600px, 165Hz,AMD Ryzen 9 6900HS,32,1000 GB SSD,NVIDIA GeForce RTX 3070 Ti,16523
"16""", 2560 x 1600px, 165Hz,AMD Ryzen 7 6800HS,32,1000 GB SSD,NVIDIA GeForce RTX 3060,11699
"14""", 1920 x 1080px, 60Hz,Intel Core i7-1280P,16,1000 GB SSD,NVIDIA GeForce RTX 3050,7499
"14""", 1920 x 1200px, 60Hz,Intel Core i5-1240P,16,512 GB SSD,Intel Iris Xe Graphics,7109
"14""", 1920 x 1200px, 60Hz,Intel Core i5-1240P,16,512 GB SSD,Intel Iris Xe Graphics,6029
"15.6""", 1920 x 1080px, 60Hz,Intel Core i5-1240P,16,512 GB SSD,Intel Iris Xe Graphics,6209
"15.6""", 1920 x 1080px, 60Hz,Intel Core i5-1240P,16,512 GB SSD,Intel Iris Xe Graphics,6209
"16""", 2560 x 1600px, 60Hz,Intel Core i7-1260P,16,1000 GB SSD,Intel Iris Xe Graphics,8099
"16""", 2560 x 1600px, 60Hz,Intel Core i5-1240P,16,512 GB SSD,Intel Iris Xe Graphics,6479
"17""", 2560 x 1600px, 60Hz,Intel Core i7-1260P,16,1000 GB SSD,Intel Iris Xe Graphics,7649
"15.6""", 1920 x 1080px, 60Hz,Intel Core i5-1135G7,8,256 GB SSD,Intel Iris Xe Graphics,3599
"13.4""", 3456 x 2160px, 60Hz,Intel Core i7-1260P,16,1000 GB SSD,Intel Iris Xe Graphics,11799
"13.4""", 1920 x 1200px, 1920 x 1200px,Intel Core i5-1240P,8,512 GB SSD,Intel Iris Xe Graphics,9399
"15.6""", 1920 x 1080px, 165Hz,Intel Core i7-12700H,32,1000 GB SSD,NVIDIA GeForce RTX 3060,9199
"13.4""", 1920 x 1200px, 60Hz,Intel Core i7-1260P,16,1000 GB SSD,Intel Iris Xe Graphics,10999
"13.4""", 1920 x 1200px, 60Hz,Intel Core i5-1240P,8,512 GB SSD,Intel Iris Xe Graphics,9599
"13.4""", 1920 x 1200px, 60Hz,Intel Core i7-1260P,16,1000 GB SSD,Intel Iris Xe Graphics,11199
"13.4""", 1920 x 1200px, 60Hz,Intel Core i7-1260P,16,512 GB SSD,Intel Iris Xe Graphics,10499
"15.6""", 1920 x 1080px, 165Hz,AMD Ryzen 7 6800H,16,1000 GB SSD,NVIDIA GeForce RTX 3070 Ti,9899
"13.4""", 1920 x 1200px, 60Hz,Intel Core i7-1260P,16,512 GB SSD,Intel Iris Xe Graphics,10699
"15.6""", 1920 x 1080px, 120Hz,AMD Ryzen 5 6600H,16,512 GB SSD,NVIDIA GeForce RTX 3050,5699
"15.6""", 1920 x 1080px, 240Hz,Intel Core i7-12700H,32,1000 GB SSD,NVIDIA GeForce RTX 3070 Ti,11399
"15.6""", 1920 x 1080px, 240Hz,Intel Core i7-12700H,32,1000 GB SSD,NVIDIA GeForce RTX 3060,9899
"15.6""", 1920 x 1080px, 120Hz,Intel Core i7-12700H,16,512 GB SSD,NVIDIA GeForce RTX 3050 Ti,6899
"11.6""", 1366 x 768px, 60Hz,MediaTek MT8183,4,32 GB Flash,ARM Mali-G72 MP3,1349
"11.6""", 1366 x 768px, Dotykowy,MediaTek MT8183,4,32 GB Flash,ARM Mali-G72 MP3,1429
"14""", 1920 x 1080px, 60Hz,Intel Core i3-1110G4,8,128 GB SSD,Intel UHD Graphics,3199
"14""", 1920 x 1080px, 60Hz,AMD Ryzen 3 3250C,8,128 GB SSD,AMD Radeon Graphics,2799
"14""", 1920 x 1080px, 60Hz,AMD Athlon Silver 3050C,4,128 GB SSD,AMD Radeon Graphics,2399
"14""", 1920 x 1080px, 60Hz,Intel Celeron N4500,4,64 GB Flash,Intel UHD Graphics,2099
"14""", 1920 x 1080px, 60Hz,Intel Celeron N4500,4,32 GB Flash,Intel UHD Graphics,2049
"17.3""", 1920 x 1080px, 60Hz,Intel Celeron N4500,4,128 GB Flash,Intel UHD Graphics,1999
"17.3""", 1920 x 1080px, 60Hz,Intel Celeron N4500,4,64 GB Flash,Intel UHD Graphics,1949
"15.6""", 1920 x 1080px, 165Hz,AMD Ryzen 5 5600H,16,1000 GB SSD,NVIDIA GeForce RTX 3050,4699
"13.4""", 1920 x 1200px, 120Hz,AMD Ryzen 7 6800HS,16,512 GB SSD,NVIDIA GeForce RTX 3050,7199
"14""", 2160 x 1140px, 60Hz,Intel Core i5-11320H,16,512 GB SSD,Intel Iris Xe Graphics,4199
"15""", 2496 x 1664px, 60Hz,AMD Ryzen 7 4980U,8,256 GB SSD,AMD Radeon RX Vega 11,6099
"13.5""", 2256 x 1504px, 60Hz,Intel Core i5-1145G7,8,512 GB SSD,Intel Iris Xe Graphics,6099
"16""", 2560 x 1600px, 240Hz,Intel Core i9-12900H,32,2000 GB SSD,NVIDIA GeForce RTX 3070 Ti,17499
"16""", 2560 x 1600px, 240Hz,Intel Core i9-12900H,16,2000 GB SSD,NVIDIA GeForce RTX 3070 Ti,16799
"16""", 2560 x 1600px, 240Hz,Intel Core i9-12900H,16,1000 GB SSD,NVIDIA GeForce RTX 3070 Ti,15899
"16""", 2560 x 1600px, 240Hz,Intel Core i7-12700H,16,1000 GB SSD,NVIDIA GeForce RTX 3080 Ti,15249
"16""", 2560 x 1600px, 240Hz,Intel Core i7-12700H,16,2000 GB SSD,NVIDIA GeForce RTX 3070 Ti,12499
"16""", 2560 x 1600px, 240Hz,Intel Core i9-12900H,32,2000 GB SSD,NVIDIA GeForce RTX 3080 Ti,18199
"17.3""", 1920 x 1080px, 144Hz,Intel Core i7-12700H,32,1000 GB SSD,NVIDIA GeForce RTX 3060,10049
"15.6""", 1920 x 1080px, 165Hz,Intel Core i7-12700H,32,1000 GB SSD,NVIDIA GeForce RTX 3070 Ti,12199
"17.3""", 1920 x 1080px, 144Hz,Intel Core i5-12500H,16,1000 GB SSD,NVIDIA GeForce RTX 3060,8099
"15.6""", 1920 x 1080px, 165Hz,Intel Core i7-12700H,16,1000 GB SSD,NVIDIA GeForce RTX 3070 Ti,11549
"15.6""", 1920 x 1080px, 165Hz,Intel Core i7-12700H,32,1000 GB SSD,NVIDIA GeForce RTX 3060,10399
"17.3""", 1920 x 1080px, 144Hz,Intel Core i7-12700H,16,512 GB SSD,NVIDIA GeForce RTX 3050,6199
"15.6""", 2560 x 1440px, 165Hz,Intel Core i7-12700H,16,1000 GB SSD,NVIDIA GeForce RTX 3070 Ti,11799
"17.3""", 1920 x 1080px, 144Hz,Intel Core i7-12700H,16,1000 GB SSD,NVIDIA GeForce RTX 3060,8049
"15.6""", 1920 x 1080px, 165Hz,Intel Core i7-12700H,16,1000 GB SSD,NVIDIA GeForce RTX 3050 Ti,7549
"15.6""", 1920 x 1080px, 165Hz,Intel Core i7-12700H,16,1000 GB SSD,NVIDIA GeForce RTX 3060,8399
"17.3""", 1920 x 1080px, 144Hz,Intel Core i7-12700H,16,512 GB SSD,NVIDIA GeForce RTX 3050 Ti,7449
"15.6""", 1920 x 1080px, 144Hz,Intel Core i7-12700H,16,512 GB SSD,NVIDIA GeForce RTX 3050,6749
"17.3""", 1920 x 1080px, 144Hz,Intel Core i7-12700H,16,1000 GB SSD,NVIDIA GeForce RTX 3070 Ti,9849
"15.6""", 1920 x 1080px, 144Hz,Intel Core i7-12700H,16,1000 GB SSD,NVIDIA GeForce RTX 3050 Ti,7299
"15.6""", 1920 x 1080px, 165Hz,Intel Core i7-12700H,16,512 GB SSD,NVIDIA GeForce RTX 3060,7399
"15.6""", 1920 x 1080px, 165Hz,Intel Core i7-12700H,16,1000 GB SSD,NVIDIA GeForce RTX 3070 Ti,9449
"15.6""", 1920 x 1080px, 144Hz,Intel Core i5-12500H,16,1000 GB SSD,NVIDIA GeForce RTX 3050 Ti,6749
"15.6""", 1920 x 1080px, 144Hz,Intel Core i7-12700H,16,512 GB SSD,NVIDIA GeForce RTX 3050 Ti,6949
"15.6""", 1920 x 1080px, 165Hz,Intel Core i5-12500H,16,512 GB SSD,NVIDIA GeForce RTX 3050,6449
"15.6""", 1920 x 1080px, 165Hz,Intel Core i7-12700H,16,1000 GB SSD,NVIDIA GeForce RTX 3050,7399
"15.6""", 1920 x 1080px, 144Hz,Intel Core i7-12700H,16,1000 GB SSD,NVIDIA GeForce RTX 3060,8149
"15.6""", 1920 x 1080px, 165Hz,Intel Core i7-12700H,16,512 GB SSD,NVIDIA GeForce RTX 3050 Ti,6599
"15.6""", 1920 x 1080px, 144Hz,Intel Core i5-12500H,16,512 GB SSD,NVIDIA GeForce RTX 3050,6199
"15.6""", 1920 x 1080px, 60Hz,AMD Ryzen 3 3250U,4,128 GB SSD,AMD Radeon RX Vega 3,2249
"15.6""", 1920 x 1080px, 165Hz,Intel Core i7-12700H,16,512 GB SSD,NVIDIA GeForce RTX 3070 Ti,9649
"15.6""", 1920 x 1080px, 144Hz,Intel Core i7-12700H,16,512 GB SSD,NVIDIA GeForce RTX 3050 Ti,5899
"15.6""", 2560 x 1440px, 165Hz,Intel Core i7-12700H,16,512 GB SSD,NVIDIA GeForce RTX 3070 Ti,9449
"15.6""", 1920 x 1080px, 165Hz,Intel Core i7-12700H,16,1000 GB SSD,NVIDIA GeForce RTX 3070 Ti,9549
"15.6""", 1920 x 1080px, 60Hz,AMD Athlon Silver 3050U,4,128 GB SSD,AMD Radeon Graphics,1749
"13.4""", 3840 x 2400px, 60Hz,AMD Ryzen 9 6900HS,32,1000 GB SSD,NVIDIA GeForce RTX 3050 Ti,13999
"16""", 2560 x 1600px, 165Hz,Intel Core i7-12700H,16,1000 GB SSD,NVIDIA GeForce RTX 3060,9399
"15.6""", 2560 x 1440px, 165Hz,AMD Ryzen 7 6800HS,16,1000 GB SSD,NVIDIA GeForce RTX 3060,8399
"17.3""", 2560 x 1440px, 240Hz,AMD Ryzen 7 6800H,16,1000 GB SSD,NVIDIA GeForce RTX 3060,8399
"15.6""", 1920 x 1080px, 144Hz,Intel Core i7-12650H,16,1000 GB SSD,NVIDIA GeForce RTX 3060,6799
"15.6""", 1920 x 1080px, 300Hz,16,1000 GB SSD,NVIDIA GeForce RTX 3070 Ti,Brak,10999
"15.6""", 2560 x 1440px, 165Hz,AMD Ryzen 7 6800H,16,1000 GB SSD,NVIDIA GeForce RTX 3070 Ti,9399
"15.6""", 1920 x 1080px, 144Hz,AMD Ryzen 7 6800H,16,512 GB SSD,NVIDIA GeForce RTX 3050,6499
"15.6""", 1920 x 1080px, 144Hz,AMD Ryzen 7 4800H,16,512 GB SSD,NVIDIA GeForce RTX 3050 Ti,4899
"15.6""", 1920 x 1080px, 60Hz,AMD Ryzen 7 4800H,16,512 GB SSD,AMD Radeon Graphics,4399
"14""", 2880 x 1800px, 90Hz,AMD Ryzen 5 5625U,16,512 GB SSD,AMD Radeon Graphics,4999
"14""", 2880 x 1800px, 90Hz,AMD Ryzen 5 5600H,16,512 GB SSD,AMD Radeon Graphics,4799
"16.1""", 1920 x 1080px, 144Hz,AMD Ryzen 7 5800H,16,512 GB SSD,NVIDIA GeForce RTX 3050 Ti,5599
"16.1""", 1920 x 1080px, 144Hz,Intel Core i7-11800H,16,512 GB SSD,NVIDIA GeForce RTX 3050 Ti,5599
"16.1""", 2560 x 1440px, 165Hz,AMD Ryzen 9 5900HX,32,1000 GB SSD,NVIDIA GeForce RTX 3070,9499
"16.1""", 1920 x 1080px, 144Hz,Intel Core i7-11800H,8,512 GB SSD,NVIDIA GeForce RTX 3060,6499
"16.1""", 1920 x 1080px, 144Hz,Intel Core i5-11400H,8,512 GB SSD,NVIDIA GeForce GTX 1650,4649
"16.1""", 1920 x 1080px, 144Hz,Intel Core i5-11400H,16,512 GB SSD,NVIDIA GeForce RTX 3050,5199
"16.1""", 1920 x 1080px, 144Hz,AMD Ryzen 7 5800H,32,1000 GB SSD,NVIDIA GeForce RTX 3070,8199
"16.1""", 1920 x 1080px, 60Hz,Intel Core i5-11400H,8,512 GB SSD,NVIDIA GeForce GTX 1650,4549
"16.1""", 1920 x 1080px, 144Hz,AMD Ryzen 7 5800H,16,512 GB SSD,NVIDIA GeForce RTX 3070,7499
"16.1""", 1920 x 1080px, 144Hz,Intel Core i7-11800H,32,1000 GB SSD,NVIDIA GeForce RTX 3070,8799
"16.1""", 1920 x 1080px, 144Hz,AMD Ryzen 7 5800H,16,1000 GB SSD,NVIDIA GeForce RTX 3070,7799
"16.1""", 1920 x 1080px, 144Hz,Intel Core i7-11800H,16,1000 GB SSD,NVIDIA GeForce RTX 3070,8399
"16.1""", 1920 x 1080px, 144Hz,Intel Core i7-11800H,16,1000 GB SSD,NVIDIA GeForce RTX 3060,7499
"17.3""", 1920 x 1080px, 144Hz,Intel Core i7-11800H,32,1000 GB SSD,NVIDIA GeForce RTX 3070,9099
"17.3""", 2560 x 1440px, 165Hz,Intel Core i9-11900H,32,1000 GB SSD,NVIDIA GeForce RTX 3080,12399
"17.3""", 1920 x 1080px, 144Hz,Intel Core i7-11800H,16,1000 GB SSD,NVIDIA GeForce RTX 3070,9299
"17.3""", 1920 x 1080px, 144Hz,Intel Core i7-11800H,16,1000 GB SSD,NVIDIA GeForce RTX 3070,8699
"17.3""", 2560 x 1440px, 165Hz,Intel Core i7-11800H,16,1000 GB SSD,NVIDIA GeForce RTX 3060,7999
"17.3""", 1920 x 1080px, 144Hz,Intel Core i7-11800H,16,1000 GB SSD,NVIDIA GeForce RTX 3060,7799
"15.6""", 1920 x 1080px, 60Hz,AMD Ryzen 5 5600H,16,512 GB SSD,NVIDIA GeForce GTX 1650,3949
"15.6""", 1920 x 1080px, 60Hz,Intel Core i5-11400H,16,1000 GB SSD,NVIDIA GeForce RTX 3050,7449
"15.6""", 3840 x 2160px, 60Hz,Intel Core i7-11800H,32,2000 GB SSD,NVIDIA GeForce RTX 3060 Max-Q,10899
"15.6""", 3840 x 2160px, 60Hz,Intel Core i7-11800H,32,1000 GB SSD,NVIDIA GeForce RTX 3060 Max-Q,9899
"15.6""", 1920 x 1080px, 165Hz,AMD Ryzen 7 5800H,16,1000 GB SSD,NVIDIA GeForce RTX 3080,9521
"15.6""", 1920 x 1080px, 165Hz,Intel Core i7-12700H,16,1000 GB SSD,NVIDIA GeForce RTX 3070 Ti,10199
"14""", 1920 x 1080px, 60Hz,AMD Ryzen 5 5625U,8,512 GB SSD,AMD Radeon Graphics,4199
"16""", 1920 x 1200px, 60Hz,AMD Ryzen 5 5625U,8,512 GB SSD,AMD Radeon Graphics,3999
"15.6""", 1920 x 1080px, 120Hz,Intel Core i5-11260H,8,512 GB SSD,NVIDIA GeForce RTX 3050,4899
"15.6""", 1920 x 1080px, 165Hz,Intel Core i7-12700H,16,512 GB SSD,NVIDIA GeForce RTX 3060,8199
"15.6""", 1920 x 1080px, 120Hz,Intel Core i7-12700H,16,512 GB SSD,NVIDIA GeForce RTX 3050 Ti,6399
"14""", 1920 x 1080px, 60Hz,Intel Core i5-11320H,8,512 GB SSD,Intel Iris Xe Graphics,4399
"14""", 1920 x 1080px, 60Hz,Intel Core i5-11320H,8,512 GB SSD,Intel Iris Xe Graphics,4199
"15.6""", 1920 x 1080px, 120Hz,Intel Core i5-12500H,16,512 GB SSD,NVIDIA GeForce RTX 3050,6099
"15.6""", 1920 x 1080px, 60Hz,Intel Core i5-11320H,8,256 GB SSD,Intel Iris Xe Graphics,4299
"15.6""", 1920 x 1080px, 60Hz,Intel Core i5-11320H,8,256 GB SSD,Intel Iris Xe Graphics,4099
"14""", 1920 x 1080px, 60Hz,AMD Ryzen 7 5825U,16,512 GB SSD,AMD Radeon Graphics,5299
"15.6""", 1920 x 1080px, 120Hz,Intel Core i5-11260H,16,512 GB SSD,NVIDIA GeForce RTX 3050 Ti,4899
"14""", 1920 x 1080px, 60Hz,AMD Ryzen 5 5625U,16,512 GB SSD,AMD Radeon Graphics,4699
"15.6""", 1920 x 1080px, 120Hz,Intel Core i5-11260H,16,512 GB SSD,NVIDIA GeForce RTX 3050,5199
"14""", 1920 x 1080px, 60Hz,AMD Ryzen 5 5625U,8,512 GB SSD,AMD Radeon Graphics,4399
"16""", 3072 x 1920px, 60Hz,Intel Core i7-11800H,32,1000 GB SSD,NVIDIA RTX A5000,16199
"16""", 3072 x 1920px, 3072 x 1920px,Intel Core i7-11800H,16,1000 GB SSD,NVIDIA RTX A5000,15699
"15.6""", 1920 x 1080px, 60Hz,Intel Core i3-1115G4,8,256 GB SSD,Intel UHD Graphics,3499
"15.6""", 1920 x 1080px, 60Hz,Intel Core i5-11300H,8,512 GB SSD,NVIDIA GeForce GTX 1650,3999
"16.1""", 2560 x 1440px, 165Hz,Intel Core i7-11800H,16,1000 GB SSD,NVIDIA GeForce RTX 3060,6799
"15.6""", 1920 x 1080px, 60Hz,AMD Ryzen 5 5600H,16,512 GB SSD,NVIDIA GeForce RTX 3050 Ti,4699
"15.6""", 1920 x 1080px, 60Hz,Intel Core i5-11300H,8,512 GB SSD,NVIDIA GeForce RTX 3050,4599
"14""", 1920 x 1080px, 60Hz,Intel Core i7-11800H,16,1000 GB SSD,NVIDIA GeForce GTX 1650,8899
"15.6""", 3840 x 2160px, 60Hz,Intel Core i7-11800H,32,1000 GB SSD,NVIDIA RTX A3000,14539
"16.1""", 1920 x 1080px, 144Hz,Intel Core i7-11800H,16,512 GB SSD,NVIDIA GeForce RTX 3050 Ti,5499
"14.1""", 1366 x 768px, 60Hz,Intel Celeron N3350,4,128 GB Flash,Intel HD Graphics 500,1599
"15.6""", 1920 x 1080px, 60Hz,AMD Ryzen 5 5500U,8,256 GB SSD,AMD Radeon Graphics,3299
"17.3""", 1920 x 1080px, 144Hz,Intel Core i5-11300H,8,512 GB SSD,NVIDIA GeForce RTX 3050 Ti,5099
"15.6""", 1920 x 1080px, 144Hz,AMD Ryzen 7 5800H,8,512 GB SSD,NVIDIA GeForce RTX 3050 Ti,4699
"15.6""", 1920 x 1080px, 60Hz,AMD Ryzen 5 5600H,8,512 GB SSD,NVIDIA GeForce GTX 1650,4199
"16.1""", 2560 x 1440px, 165Hz,AMD Ryzen 7 5800H,16,1000 GB SSD,NVIDIA GeForce RTX 3060,6299
"13""", 2880 x 1920px, 60 - 120Hz,Intel Core i5-1135G7,8,512 GB SSD,Intel Iris Xe Graphics,6899
"13""", 2880 x 1920px, 60 - 120Hz,Intel Core i5-1135G7,8,512 GB SSD,Intel Iris Xe Graphics,6899
"13.4""", 3840 x 2400px, 60Hz,Intel Core i9-12900H,16,1000 GB SSD,NVIDIA GeForce RTX 3050 Ti,9299
"13.4""", 3840 x 2400px, 60Hz,Intel Core i9-12900H,16,1000 GB SSD,NVIDIA GeForce RTX 3050 Ti,16599
"15.6""", 1920 x 1080px, 144Hz,AMD Ryzen 7 6800H,16,512 GB SSD,NVIDIA GeForce RTX 3050 Ti,6799
"15.6""", 1920 x 1080px, 144Hz,AMD Ryzen 7 6800H,16,512 GB SSD,NVIDIA GeForce RTX 3050 Ti,6699
"16.1""", 1920 x 1080px, 144Hz,Intel Core i7-11800H,16,1000 GB SSD,NVIDIA GeForce RTX 3060,7899
"16.1""", 1920 x 1080px, 144Hz,Intel Core i7-11800H,16,1000 GB SSD,NVIDIA GeForce RTX 3070,8799
"17.3""", 1920 x 1080px, 144Hz,Intel Core i5-11300H,16,512 GB SSD,NVIDIA GeForce RTX 3050,4699
"16.1""", 1920 x 1080px, 144Hz,Intel Core i5-11400H,16,512 GB SSD,NVIDIA GeForce RTX 3050,4999
"16""", 2560 x 1600px, 165Hz,32,2000 GB SSD,NVIDIA GeForce RTX 3080 Ti Max-Q,Windows 11 Professional,19999
"17.3""", 2560 x 1440px, 240Hz,32,2000 GB SSD,NVIDIA GeForce RTX 3070 Ti,Windows 11 Home,15399
"15.6""", 1920 x 1080px, 165Hz,AMD Ryzen 5 5600H,16,512 GB SSD,NVIDIA GeForce GTX 1650,4399
"14""", 2240 x 1400px, 60Hz,Intel Core i7-1165G7,8,512 GB SSD,Intel Iris Xe Graphics,4099
"15.6""", 1920 x 1080px, 60Hz,AMD Ryzen 5 5600U,8,256 GB SSD,AMD Radeon Graphics,3799
"13""", 2880 x 1920px, 60 - 120Hz,Intel Core i5-1135G7,8,256 GB SSD,Intel Iris Xe Graphics,4699
"17.3""", 1920 x 1080px, 144Hz,Intel Core i5-11300H,16,512 GB SSD,NVIDIA GeForce RTX 3050,5799
"16""", 2560 x 1600px, 165Hz,Intel Core i7-11800H,32,1000 GB SSD,NVIDIA GeForce RTX 3080,13999
"15.6""", 1920 x 1080px, 60Hz,AMD Ryzen 5 5600H,16,512 GB SSD,NVIDIA GeForce GTX 1650,4399
"16""", 2560 x 1600px, 165Hz,Intel Core i7-11800H,16,1000 GB SSD,NVIDIA GeForce RTX 3070,10799
"17.3""", 1920 x 1080px, 360Hz,Intel Core i7-11800H,32,1000 GB SSD,NVIDIA GeForce RTX 3070,10999
"15.6""", 1920 x 1080px, 165Hz,Intel Core i5-11400H,8,512 GB SSD,NVIDIA GeForce RTX 3060,5799
"16""", 2560 x 1600px, 120Hz,Intel Core i9-11900H,32,1000 GB SSD,NVIDIA GeForce RTX 3060 Max-Q,11599
"14""", 1366 x 768px, 1366 x 768px,Intel Celeron N3350,4,64 GB Flash,Intel HD Graphics 500,1499
"15.6""", 2560 x 1440px, 165Hz,AMD Ryzen 9 5900HX,16,1000 GB SSD,NVIDIA GeForce RTX 3070,8999
"15.6""", 1920 x 1080px, 120Hz,AMD Ryzen 7 4800H,16,512 GB SSD,NVIDIA GeForce GTX 1650 Ti,8000
"15.6""", 2560 x 1440px, 240Hz,Intel Core i7-11800H,32,1000 GB SSD,NVIDIA GeForce RTX 3080,16499
"15.6""", 1920 x 1080px, 360Hz,Intel Core i7-11800H,32,512 GB SSD,NVIDIA GeForce RTX 3080,14279
1920 x 1080px, 60Hz, 60Hz,Intel Core i7-11800H,16,1000 GB SSD,NVIDIA GeForce RTX 3050 Ti,8369
"15.6""", 1920 x 1080px, 60Hz,AMD Ryzen 5 5500U,8,512 GB SSD,AMD Radeon Graphics,3386
"15.6""", 1920 x 1080px, 120Hz,Intel Core i7-11800H,16,512 GB SSD,NVIDIA GeForce RTX 3050,5199
"15.6""", 1920 x 1080px, 120Hz,Intel Core i7-11800H,16,512 GB SSD,NVIDIA GeForce RTX 3050 Ti,5599
"15.6""", 1920 x 1080px, 120Hz,Intel Core i5-10500H,16,512 GB SSD,NVIDIA GeForce GTX 1650,3788
"13.4""", 1920 x 1200px, 60Hz,Intel Core i5-1135G7,8,256 GB SSD,Intel Iris Xe Graphics,7499
"15.6""", 1920 x 1080px, 120Hz,AMD Ryzen 7 5800H,16,512 GB SSD,NVIDIA GeForce RTX 3050 Ti,6199
"15.6""", 1920 x 1080px, 120Hz,AMD Ryzen 5 5600H,16,512 GB SSD,NVIDIA GeForce RTX 3050,5199
"15.6""", 1920 x 1080px, 120Hz,AMD Ryzen 5 5600H,8,512 GB SSD,NVIDIA GeForce RTX 3050,4999
"13.3""", 1920 x 1080px, 60Hz,Intel Core i5-11320H,16,512 GB SSD,Intel Iris Xe Graphics,4399
"14""", 1920 x 1080px, 60Hz,Intel Core i5-1155G7,8,512 GB SSD,NVIDIA GeForce MX350,4599
"14""", 1920 x 1080px, 60Hz,Intel Core i7-1165G7,8,512 GB SSD,Intel Iris Xe Graphics,4699
"15.6""", 1920 x 1080px, 144Hz,Intel Core i7-10750H,16,1000 GB SSD,NVIDIA GeForce RTX 3080,9999
"15.6""", 1920 x 1080px, 60Hz,AMD Ryzen 5 5500U,8,256 GB SSD,NVIDIA GeForce GTX 1650,3799
"15.6""", 1920 x 1080px, 60Hz,Intel Celeron N4000,4,128 GB SSD,Intel UHD Graphics 600,1699
"15.6""", 1920 x 1080px, 165Hz,Intel Core i7-11800H,16,512 GB SSD,NVIDIA GeForce RTX 3060,7199
"15.6""", 1920 x 1080px, 60Hz,AMD Ryzen 5 5600U,8,256 GB SSD,AMD Radeon Graphics,3940
"15.6""", 1920 x 1080px, 60Hz,AMD Ryzen 5 5600U,8,256 GB SSD,AMD Radeon Graphics,4399
"15.6""", 1920 x 1080px, 60Hz,AMD Ryzen 5 5500U,8,256 GB SSD,AMD Radeon Graphics,3099
"13.4""", 3840 x 2400px, 60Hz,Intel Core i7-1165G7,16,512 GB SSD,Intel Iris Xe Graphics,8299
"13.4""", 1920 x 1200px, 60Hz,Intel Core i7-1165G7,16,256 GB SSD,Intel Iris Xe Graphics,6999
"14.2""", 2520 x 1680px, 90Hz,Intel Core i5-11300H,16,512 GB SSD,Intel Iris Xe Graphics,5499
"15.6""", 1920 x 1080px, 300Hz,Intel Core i7-10870H,32,1000 GB SSD,NVIDIA GeForce RTX 3080,11799
"13.3""", 1920 x 1080px, 120Hz,Intel Core i7-1165G7,16,512 GB SSD,NVIDIA GeForce GTX 1650 Ti Max-Q,9399
"15.6""", 2560 x 1440px, 165Hz,AMD Ryzen 7 5800H,16,1000 GB SSD,NVIDIA GeForce RTX 3070,10899
"15.6""", 1920 x 1080px, 144Hz,Intel Core i5-10300H,32,1000 GB SSD,NVIDIA GeForce GTX 1650 Ti,4849
"15.6""", 2560 x 1440px, 165Hz,AMD Ryzen 7 5800HS,16,1000 GB SSD,NVIDIA GeForce RTX 3060,8299
"15.6""", 1920 x 1080px, 120Hz,Intel Core i7-10870H,16,512 GB SSD,NVIDIA GeForce RTX 3050,5499
"13.3""", 1920 x 1080px, 60Hz,Intel Core i7-1065G7,8,512 GB SSD,Intel Iris Xe Graphics,5199
"13.3""", 1920 x 1080px, 60Hz,Intel Core i5-1135G7,8,512 GB SSD,Intel Iris Xe Graphics,4299
"14""", 1920 x 1080px, 60Hz,Intel Core i7-1065G7,8,512 GB SSD,Intel Iris Plus Graphics,3299
"15.6""", 1920 x 1080px, 144Hz,Intel Core i7-10750H,16,512 GB SSD,NVIDIA GeForce RTX 2080 Super Max-Q,7249
"13.4""", 3840 x 2400px, 60Hz,AMD Ryzen 9 5900HS,16,512 GB SSD,"NVIDIA GeForce RTX 3050 Ti,          NVIDIA GeForce RTX 3080",12499
"15.6""", 1920 x 1080px, 60Hz,Intel Core i7-10750H,16,512 GB SSD,NVIDIA GeForce GTX 1660 Ti Max-Q,5999
"15.6""", 1920 x 1080px, 144Hz,Intel Core i7-10750H,16,512 GB SSD,NVIDIA GeForce RTX 2060,6699
"13.4""", 3840 x 2400px, 60Hz,AMD Ryzen 9 5980HS,16,512 GB SSD,NVIDIA GeForce GTX 1650,16499
"14""", 2560 x 1440px, 60Hz,AMD Ryzen 9 4900HS,16,1000 GB SSD,NVIDIA GeForce GTX 1660 Ti Max-Q,6999
"14""", 1920 x 1080px, 60Hz,Intel Core i5-1135G7,8,512 GB SSD,NVIDIA GeForce MX330,4699
"13.3""", 2560 x 1600px, 60Hz,Apple M1,16,2000 GB SSD,Apple M1 (8 rdzeni),11799
"13.3""", 1920 x 1080px, 60Hz,Intel Core i7-10510U,16,1000 GB SSD,Intel UHD Graphics,7499
"15.6""", 1920 x 1080px, 60Hz,Intel Core i5-10400H,8,256 GB SSD,Intel UHD Graphics,5399
"14""", 1920 x 1080px, Dotykowy,Intel Core i7-8550U,8,256 GB SSD,Intel UHD Graphics 620,6559
"15.6""", 1920 x 1080px, 1920 x 1080px,Intel Core i5-10300H,16,512 GB SSD,NVIDIA GeForce GTX 1650,4399
"14""", 1920 x 1080px, 60Hz,Intel Core i7-10510U,8,256 GB SSD,Intel UHD Graphics 620,4899
"14""", 1920 x 1080px, 1920 x 1080px,AMD Ryzen 7 4700U,8,512 GB SSD,AMD Radeon Graphics,4299
"14""", 1920 x 1080px, 1920 x 1080px,Intel Core i5-10210U,8,256 GB SSD,Intel UHD Graphics 620,5599
"15.6""", 1920 x 1080px, 1920 x 1080px,Intel Core i7-10750H,16,1000 GB SSD,NVIDIA GeForce GTX 1660 Ti,7799
"14""", 1920 x 1080px, 120Hz,AMD Ryzen 7 4800HS,16,512 GB SSD,NVIDIA GeForce GTX 1660 Ti Max-Q,5899
"13.3""", 2560 x 1600px, 2560 x 1600px,Intel Core i5-1038NG7,16,512 GB SSD,Intel Iris Plus Graphics,9599
"13.3""", 1920 x 1080px, 60Hz,Intel Core i5-10210U,8,512 GB SSD,Intel UHD Graphics,7199
"13.4""", 1920 x 1200px, 1920 x 1200px,Intel Core i7-1065G7,16,1000 GB SSD,Intel Iris Plus Graphics,8999
"13.5""", 2256 x 1504px, Dotykowy,Intel Core i7-1065G7,16,1000 GB SSD,Intel Iris Plus Graphics,12999
"15.6""", 1920 x 1080px, 240Hz,Intel Core i7-9750H,16,1000 GB SSD,NVIDIA GeForce RTX 2080 Max-Q,14499
"15.6""", 1920 x 1080px, 240Hz,Intel Core i7-9750H,16,1000 GB SSD,NVIDIA GeForce RTX 2070 Max-Q,12499
"14""", 1920 x 1080px, Dotykowy,Intel Core i7-8565U,8,512 GB SSD,Intel UHD Graphics 620,7399
"13.3""", 1920 x 1080px, 1920 x 1080px,Intel Core i3-8130U,8,256 GB SSD,Intel UHD Graphics 620,3799
"13.3""", 1920 x 1080px, 1920 x 1080px,Intel Core i5-8250U,8,256 GB SSD,Intel UHD Graphics 620,4299
"13.3""", 1920 x 1080px, 60Hz,Intel Core i5-8365U,8,256 GB SSD,Intel UHD Graphics 620,8399
"17.3""", 1600 x 900px, 60Hz,Intel Core i5-1135G7,8,512 GB SSD,Intel Iris Xe Graphics,2799
"17.3""", 1920 x 1080px, 144Hz,Intel Core i5-11400H,8,512 GB SSD,NVIDIA GeForce RTX 3050,4138
"15.6""", 2560 x 1440px, 165Hz,Intel Core i7-12700H,16,1000 GB SSD,NVIDIA GeForce RTX 3070 Ti,11645
"15.6""", 1920 x 1080px, 60Hz,Intel Core i5-11400H,16,512 GB SSD,NVIDIA GeForce RTX 3050,6199
"15.6""", 1920 x 1080px, 60Hz,Intel Core i5-1135G7,8,256 GB SSD,Intel Iris Xe Graphics,3699
"15.6""", 1920 x 1080px, 60Hz,Intel Core i5-1145G7,8,512 GB SSD,Intel Iris Xe Graphics,5600
"17.3""", 1920 x 1080px, 60Hz,Intel Core i5-1135G7,16,512 GB SSD,Intel Iris Xe Graphics,4449
"15.6""", 1920 x 1080px, 60Hz,Intel Core i5-1135G7,16,512 GB SSD,Intel Iris Xe Graphics,4949
"15.6""", 1920 x 1080px, 60Hz,Intel Core i5-1135G7,16,512 GB SSD,Intel Iris Xe Graphics,4499
"15.6""", 1920 x 1080px, 60Hz,Intel Core i7-1165G7,16,512 GB SSD,Intel Iris Xe Graphics,4799
"14""", 1920 x 1080px, 60Hz,AMD Ryzen 3 5300U,8,512 GB SSD,AMD Radeon Graphics,3649
"12.3""", 2736 x 1824px, Dotykowy,Intel Core i5-1035G4,8,128 GB SSD,Intel Iris Plus Graphics 650,4609
"15.6""", 1920 x 1080px, 60Hz,Intel Core i7-11800H,16,1000 GB SSD,NVIDIA GeForce RTX 3050 Ti,9499
"16.2""", 3456 x 2234px, 120Hz,Apple M1 Pro,32,1000 GB SSD,Apple M1 Pro (16 rdzeni),15543
"15.6""", 1920 x 1080px, 144Hz,AMD Ryzen 5 5600X,16,1000 GB SSD,NVIDIA GeForce RTX 3060,6499
"17.3""", 1920 x 1080px, 144Hz,Intel Core i5-11400H,16,1000 GB SSD,NVIDIA GeForce RTX 3050 Ti,5049
"15.6""", 1920 x 1080px, 60Hz,AMD Ryzen 3 5300U,8,256 GB SSD,AMD Radeon Graphics,3399
"15.6""", 1920 x 1080px, 60Hz,Intel Core i5-1135G7,8,512 GB SSD,Intel Iris Xe Graphics,3699
"13.9""", 3000 x 2000px, 60Hz,Intel Core i5-8250U,8,256 GB SSD,Intel UHD Graphics 620,6292
"15.6""", 1920 x 1080px, 60Hz,Intel Core i5-1155G7,8,512 GB SSD,Intel Iris Xe Graphics,3365
"15.6""", 1920 x 1080px, 144Hz,Intel Core i5-12500H,16,1000 GB SSD,NVIDIA GeForce RTX 3060,7099
"15.6""", 1920 x 1080px, 144Hz,Intel Core i5-12500H,16,1000 GB SSD,NVIDIA GeForce RTX 3050 Ti,6099
"17.3""", 2560 x 1440px, 165Hz,Intel Core i7-12700H,16,1000 GB SSD,NVIDIA GeForce RTX 3080 Ti,16499
"15.6""", 1920 x 1080px, 144Hz,Intel Core i5-12500H,16,500 GB SSD,NVIDIA GeForce RTX 3050 Ti,5999
"15.6""", 3840 x 2160px, 60Hz,Intel Core i7-12700H,16,1000 GB SSD,NVIDIA GeForce RTX 3080 Ti,16499
"15.6""", 1920 x 1080px, 240Hz,Intel Core i7-12700H,16,1000 GB SSD,NVIDIA GeForce RTX 3080 Ti,15499
"17.3""", 1920 x 1080px, 144Hz,Intel Core i7-12700H,16,1000 GB SSD,NVIDIA GeForce RTX 3050,6499
"17.3""", 2560 x 1440px, 165Hz,Intel Core i7-12700H,16,1000 GB SSD,NVIDIA GeForce RTX 3070 Ti,12099
"17.3""", 1920 x 1080px, 144Hz,Intel Core i7-12700H,16,500 GB SSD,NVIDIA GeForce RTX 3050,6399
"15.6""", 3840 x 2160px, 60Hz,Intel Core i7-12700H,16,1000 GB SSD,NVIDIA GeForce RTX 3070 Ti,12099
"15.6""", 1920 x 1080px, 144Hz,Intel Core i7-12700H,16,1000 GB SSD,NVIDIA GeForce RTX 3050,6199
"15.6""", 1920 x 1080px, 240Hz,Intel Core i7-12700H,16,1000 GB SSD,NVIDIA GeForce RTX 3070 Ti,10999
"15.6""", 1920 x 1080px, 144Hz,Intel Core i7-12700H,16,512 GB SSD,NVIDIA GeForce RTX 3050,6099
"15.6""", 1920 x 1080px, 144Hz,Intel Core i5-12500H,16,1000 GB SSD,NVIDIA GeForce RTX 3050,5499
"17.3""", 2560 x 1440px, 165Hz,Intel Core i7-12700H,16,1000 GB SSD,NVIDIA GeForce RTX 3060,9999
"15.6""", 3840 x 2160px, 60Hz,Intel Core i7-12700H,16,1000 GB SSD,NVIDIA GeForce RTX 3060,9999
"15.6""", 1920 x 1080px, 144Hz,Intel Core i5-12500H,16,500 GB SSD,NVIDIA GeForce RTX 3050,5399
"17.3""", 1920 x 1080px, 144Hz,Intel Core i7-12700H,16,1000 GB SSD,NVIDIA GeForce GTX 1650,5899
"15.6""", 1920 x 1080px, 240Hz,Intel Core i7-12700H,16,1000 GB SSD,NVIDIA GeForce RTX 3060,8999
"17.3""", 1920 x 1080px, 144Hz,Intel Core i7-12700H,16,500 GB SSD,NVIDIA GeForce GTX 1650,5799
"15.6""", 2560 x 1440px, 165Hz,Intel Core i7-12700H,16,1000 GB SSD,NVIDIA GeForce RTX 3060,8399
"15.6""", 1920 x 1080px, 144Hz,Intel Core i7-12700H,16,1000 GB SSD,NVIDIA GeForce GTX 1650,5599
"15.6""", 1920 x 1080px, 240Hz,Intel Core i7-12700H,16,1000 GB SSD,NVIDIA GeForce RTX 3060,8099
"15.6""", 1920 x 1080px, 144Hz,Intel Core i7-12700H,16,500 GB SSD,NVIDIA GeForce GTX 1650,5499
"15.6""", 1920 x 1080px, 144Hz,Intel Core i5-12500H,16,1000 GB SSD,NVIDIA GeForce GTX 1650,5099
"14.2""", 3024 x 1964px, 120Hz,Apple M1 Pro,16,512 GB SSD,Apple M1 Pro (14 rdzeni),10299
"15.6""", 1920 x 1080px, 60Hz,Intel Core i5-1135G7,8,512 GB SSD,Intel Iris Xe Graphics,3549
"17.3""", 1920 x 1080px, 144Hz,Intel Core i7-12700H,16,1000 GB SSD,NVIDIA GeForce RTX 3070,8399
"16.2""", 3456 x 2234px, 120Hz,Apple M1 Pro,16,512 GB SSD,Apple M1 Pro (16 rdzeni),12999
"15.6""", 1920 x 1080px, 60Hz,Intel Core i5-1235U,8,512 GB SSD,Intel Iris Xe Graphics,3799
"15.6""", 1920 x 1080px, 60Hz,Intel Core i7-1280P,16,512 GB SSD,NVIDIA GeForce GTX 1650 Max-Q,6699
"17.3""", 1920 x 1080px, 144Hz,Intel Core i7-12700H,16,1000 GB SSD,NVIDIA GeForce RTX 3070 Ti,9299
"15.6""", 1920 x 1080px, 144Hz,Intel Core i7-12700H,16,1000 GB SSD,NVIDIA GeForce RTX 3070 Ti,9499
"15.6""", 1920 x 1080px, 144Hz,Intel Core i7-12700H,16,1000 GB SSD,NVIDIA GeForce RTX 3070 Ti,9199
"17.3""", 1920 x 1080px, 144Hz,Intel Core i7-12700H,32,1000 GB SSD,NVIDIA GeForce RTX 3070 Ti,9499
"15.6""", 3840 x 2160px, 60Hz,Intel Core i7-11800H,32,1000 GB SSD,NVIDIA GeForce RTX 3080,15579
"15.6""", 1920 x 1080px, 144Hz,Intel Core i5-12500H,16,512 GB SSD,NVIDIA GeForce RTX 3050 Ti,6288
"15.6""", 1920 x 1080px, 144Hz,Intel Core i7-12700H,16,512 GB SSD,NVIDIA GeForce RTX 3050 Ti,7121
"15.6""", 1920 x 1080px, 144Hz,Intel Core i5-11400,8,512 GB SSD,NVIDIA GeForce RTX 3050 Ti,4399
"17.3""", 1920 x 1080px, 360Hz,Intel Core i7-12700H,16,1000 GB SSD,NVIDIA GeForce RTX 3070 Ti,11998
"14""", 1920 x 1080px, 1920 x 1080px,AMD Ryzen 5 5500U,8,256 GB SSD,AMD Radeon Graphics,3149
"14""", 1920 x 1080px, 60Hz,Intel Core i5-1135G7,16,256 GB SSD,Intel Iris Xe Graphics,5699
"15.6""", 1920 x 1080px, 60Hz,AMD Ryzen 3 5300U,8,256 GB SSD,AMD Radeon Graphics,2699
"15.6""", 1920 x 1080px, 1920 x 1080px,Intel Core i3-1115G4,8,256 GB SSD,Intel UHD Graphics,2699
"15.6""", 1920 x 1080px, 60Hz,AMD Ryzen 5 5500U,8,512 GB SSD,AMD Radeon Graphics,3299
"15.6""", 2560 x 1440px, 165Hz,Intel Core i9-12900H,16,1000 GB SSD,NVIDIA GeForce RTX 3080,12599
"17.3""", 1920 x 1080px, 360Hz,Intel Core i7-12700H,16,1000 GB SSD,NVIDIA GeForce RTX 3080,13974
"16""", 2560 x 1600px, 120Hz,Intel Core i7-11800H,32,1000 GB SSD,NVIDIA GeForce RTX 3060 Max-Q,10875
"17.3""", 1600 x 900px, 60Hz,AMD Ryzen 5 3500U,8,256 GB SSD,AMD Radeon Vega 8,2799
"15.6""", 1920 x 1080px, 60Hz,Intel Core i5-11320H,16,512 GB SSD,Intel Iris Xe Graphics,5749
"13""", 2880 x 1920px, 60Hz,Microsoft SQ1,8,256 GB SSD,Adreno 685,6399
"13""", 2880 x 1920px, 60Hz,Microsoft SQ1,8,128 GB SSD,Adreno 685,4856
"17.3""", 1920 x 1080px, 144Hz,AMD Ryzen 7 5800H,16,500 GB SSD,NVIDIA GeForce RTX 3060,5999
"15.6""", 3840 x 2160px, 60Hz,Intel Core i7-11800H,16,1000 GB SSD,NVIDIA GeForce RTX 3070,8799
"17.3""", 1920 x 1080px, 144Hz,Intel Core i5-11400H,16,500 GB SSD,NVIDIA GeForce RTX 3050 Ti,4949
"17.3""", 1920 x 1080px, 144Hz,AMD Ryzen 7 5800H,16,1000 GB SSD,NVIDIA GeForce RTX 3060,6199
"14""", 1920 x 1080px, 60Hz,Intel Core i5-11500H,8,256 GB SSD,Intel UHD Graphics,6199
"15.6""", 1920 x 1080px, 144Hz,AMD Ryzen 9 3900,16,1000 GB SSD,NVIDIA GeForce RTX 3070,8699
"15.6""", 1920 x 1080px, 144Hz,AMD Ryzen 7 3700X,16,1000 GB SSD,NVIDIA GeForce RTX 3070,7799
"15.6""", 1920 x 1080px, 144Hz,AMD Ryzen 9 3900,16,1000 GB SSD,NVIDIA GeForce RTX 3060,7699
"15.6""", 1920 x 1080px, 144Hz,AMD Ryzen 7 3700X,16,1000 GB SSD,NVIDIA GeForce RTX 3060,6499
"15.6""", 1920 x 1080px, 60Hz,Intel Core i7-1165G7,8,512 GB SSD,Intel Iris Xe Graphics,4499
"15.6""", 1920 x 1080px, 60Hz,Intel Core i7-1165G7,8,512 GB SSD,NVIDIA GeForce MX350,4699
"15.6""", 1920 x 1080px, 1920 x 1080px,AMD Ryzen 5 3500U,8,256 GB SSD,AMD Radeon Vega 8,3599
"13.5""", 3000 x 2000px, Dotykowy,Intel Core i5-1035G7,8,256 GB SSD,Intel Iris Plus Graphics,7906
"15.6""", 1920 x 1080px, 165Hz,AMD Ryzen 5 5600H,16,512 GB SSD,NVIDIA GeForce RTX 3060,5999
"16.1""", 1920 x 1080px, 144Hz,Intel Core i5-11400H,16,512 GB SSD,NVIDIA GeForce RTX 3050 Ti,3999
"15.6""", 1920 x 1080px, 60Hz,Intel Core i5-1135G7,8,512 GB SSD,Intel Iris Xe Graphics,2799
"15.6""", 1920 x 1080px, 1920 x 1080px,Intel Core i3-10110U,8,256 GB SSD,Intel UHD Graphics,2299
"15.6""", 1920 x 1080px, 60Hz,AMD Ryzen 5 3500U,8,512 GB SSD,AMD Radeon Vega 8,2699
"13.3""", 1440 x 900px, 60Hz,Intel Core i5-5350U,8,128 GB SSD,Intel HD Graphics 6000,3789
"15.6""", 1920 x 1080px, 1920 x 1080px,Intel Core i5-1035G1,8,512 GB SSD,Intel UHD Graphics,3099
"17""", 2560 x 1600px, 60Hz,Intel Core i7-1165G7,16,512 GB SSD,Intel Iris Xe Graphics,5249
"14""", 1920 x 1200px, 60Hz,Intel Core i5-1135G7,16,512 GB SSD,Intel Iris Xe Graphics,4949
"14""", 1920 x 1080px, 60Hz,AMD Ryzen 7 4800U,16,512 GB SSD,AMD Radeon Graphics,3399
"15.6""", 1920 x 1080px, 1920 x 1080px,Intel Core i5-1135G7,8,512 GB SSD,Intel Iris Xe Graphics,2899
"13.3""", 2560 x 1600px, 2560 x 1600px,Apple M1,8,256 GB SSD,Apple M1 (7 rdzeni),5499
"15.6""", 1920 x 1080px, 60Hz,Intel Core i3-1005G1,8,256 GB SSD,Intel UHD Graphics,2099
"14""", 1366 x 768px, 1366 x 768px,Intel Celeron N4020,4,128 GB Flash,Intel UHD Graphics 600,1199
"15.6""", 1920 x 1080px, 144Hz,Intel Core i5-10300H,16,512 GB SSD,NVIDIA GeForce RTX 3050,3999
"15.6""", 1920 x 1080px, 1920 x 1080px,Intel Core i5-1035G1,8,512 GB SSD,Intel UHD Graphics,2699
"15.6""", 1920 x 1080px, 1920 x 1080px,Intel Core i5-1035G1,8,512 GB SSD,Intel UHD Graphics,2999
"13.3""", 2560 x 1600px, 2560 x 1600px,Apple M1,8,256 GB SSD,Apple M1 (7 rdzeni),5499
"16""", 2560 x 1600px, 165Hz,AMD Ryzen 5 5600H,16,512 GB SSD,NVIDIA GeForce RTX 3060,5799
"14""", 1920 x 1080px, 60Hz,AMD Ryzen 7 5700U,16,512 GB SSD,AMD Radeon Graphics,2999
"14""", 1920 x 1080px, 60Hz,Intel Core i5-1135G7,8,512 GB SSD,Intel Iris Xe Graphics,2999
"15.6""", 1920 x 1080px, 1920 x 1080px,Intel Core i3-1005G1,4,256 GB SSD,Intel UHD Graphics,1999
"14""", 1920 x 1080px, 60Hz,Intel Core i5-8265U,8,512 GB SSD,NVIDIA GeForce MX150,2849
"14""", 1920 x 1080px, 144Hz,Intel Core i5-11300H,16,512 GB SSD,NVIDIA GeForce RTX 3060,4999
"15.6""", 1920 x 1080px, 120Hz,AMD Ryzen 7 4800H,8,512 GB SSD,NVIDIA GeForce GTX 1660 Ti,4899
"15.6""", 1920 x 1080px, 1920 x 1080px,AMD Ryzen 5 3500U,8,512 GB SSD,AMD Radeon Vega 8,2799
"15.6""", 1920 x 1080px, 144Hz,Intel Core i7-10750H,16,1000 GB SSD,NVIDIA GeForce RTX 3060,6199
"15.6""", 1920 x 1080px, 60Hz,Intel Core i5-10210U,8,512 GB SSD,Intel UHD Graphics 620,2699
"15.6""", 1920 x 1080px, 120Hz,Intel Core i5-9300H,16,512 GB SSD,NVIDIA GeForce RTX 2060,4299
"15.6""", 1920 x 1080px, 144Hz,Intel Core i5-10300H,16,512 GB SSD,NVIDIA GeForce RTX 3060,4999
"15.6""", 1920 x 1080px, 60Hz,Intel Core i5-1135G7,8,512 GB SSD,Intel Iris Xe Graphics,3299
"15.6""", 1920 x 1080px, 144Hz,AMD Ryzen 5 4600H,8,512 GB SSD,NVIDIA GeForce GTX 1650 Ti,3659
"14""", 1920 x 1080px, 60Hz,Intel Celeron N4500,4,128 GB SSD,Intel UHD Graphics,1299
"15.6""", 1920 x 1080px, 1920 x 1080px,AMD Ryzen 5 4500U,8,512 GB SSD,AMD Radeon Graphics,2799
"15.6""", 1920 x 1080px, 60Hz,Intel Core i5-1135G7,8,512 GB SSD,Intel Iris Xe Graphics,3199
"14""", 1920 x 1080px, 60Hz,Intel Core i3-1005G1,8,256 GB SSD,Intel UHD Graphics,1799
"14""", 1920 x 1080px, 1920 x 1080px,Intel Core i5-10210U,8,512 GB SSD,Intel UHD Graphics,2679
"15.6""", 1920 x 1080px, 144Hz,Intel Core i5-11400H,16,512 GB SSD,NVIDIA GeForce RTX 3050 Ti,3699
"15.6""", 1920 x 1080px, 60Hz,Intel Core i5-1135G7,16,512 GB SSD,Intel Iris Xe Graphics,3599
"15.6""", 1920 x 1080px, 120Hz,Intel Core i5-10300H,8,512 GB SSD,NVIDIA GeForce GTX 1650,3899
"15.6""", 1920 x 1080px, 60Hz,Intel Core i3-1005G1,8,256 GB SSD,Intel UHD Graphics,2649
"14""", 1920 x 1080px, 60Hz,Intel Core i7-1165G7,16,1000 GB SSD,Intel Iris Xe Graphics,5499
"15.6""", 1920 x 1080px, 1920 x 1080px,Intel Core i5-10300H,8,1000 GB SSD,NVIDIA GeForce GTX 1650 Ti,3499
"14""", 1920 x 1080px, 1920 x 1080px,Intel Core i5-1035G1,8,256 GB SSD,Intel UHD Graphics,2399
"15.6""", 1920 x 1080px, 1920 x 1080px,AMD Ryzen 5 3550H,8,512 GB SSD,NVIDIA GeForce GTX 1650,3299
"14""", 1920 x 1080px, 60Hz,Intel Pentium N5000,4,128 GB SSD,Intel UHD Graphics 605,1279
"15.6""", 1920 x 1080px, 60Hz,AMD Ryzen 5 5600H,8,512 GB SSD,NVIDIA GeForce GTX 1650,3099
"14""", 1920 x 1080px, 60Hz,Intel Core i3-1115G4,4,256 GB SSD,Intel Iris Xe Graphics,2499
"15.6""", 1920 x 1080px, 60Hz,Intel Core i3-10110U,8,256 GB SSD,Intel UHD Graphics,2199
"14""", 1920 x 1080px, 60Hz,AMD Athlon 300U,4,128 GB SSD,AMD Radeon Vega 3,2199
"17.3""", 1920 x 1080px, 60Hz,Intel Core i5-1135G7,8,512 GB SSD,Intel Iris Xe Graphics,3249
"15.6""", 1920 x 1080px, 120Hz,Intel Core i5-10300H,16,512 GB SSD,NVIDIA GeForce GTX 1660 Ti,4949
"14""", 2160 x 1440px, 2160 x 1440px,AMD Ryzen 5 4600H,16,512 GB SSD,AMD Radeon Graphics,3899
"15.6""", 2560 x 1440px, 165Hz,AMD Ryzen 7 5800H,16,1000 GB SSD,NVIDIA GeForce RTX 3050 Ti,5399
"15.6""", 1366 x 768px, 1366 x 768px,Intel Pentium N5000,4,1000 GB HDD,Intel UHD Graphics 605,1799
"15.6""", 1920 x 1080px, 60Hz,Intel Core i5-1135G7,16,512 GB SSD,Intel Iris Xe Graphics,3199
"15.6""", 1920 x 1080px, 60Hz,AMD Ryzen 5 4600H,8,512 GB SSD,NVIDIA GeForce GTX 1650 Ti,3299
"15.6""", 1366 x 768px, 60Hz,Intel Pentium Gold 5405U,4,1000 GB HDD,Intel UHD Graphics,1299
"14""", 1920 x 1080px, 1920 x 1080px,AMD 3020e,4,128 GB SSD,AMD Radeon Graphics,1599
"14""", 1920 x 1080px, 1920 x 1080px,AMD Ryzen 3 3250U,8,256 GB SSD,AMD Radeon Graphics,1799
"14""", 1366 x 768px, 1366 x 768px,AMD A4-9120e,4,64 GB Flash,AMD Radeon R3,1499
"14""", 1920 x 1080px, 60Hz,Intel Core i5-8265U,8,512 GB SSD,Intel UHD Graphics 620,3589
"15.6""", 1920 x 1080px, 144Hz,AMD Ryzen 7 6800H,16,512 GB SSD,NVIDIA GeForce RTX 3050,6499
"15.6""", 1920 x 1080px, 120Hz,AMD Ryzen 5 5600H,16,512 GB SSD,NVIDIA GeForce RTX 3050,3799
"15.6""", 1920 x 1080px, 120Hz,Intel Core i5-10200H,16,512 GB SSD,NVIDIA GeForce RTX 3050,4299
"15.6""", 1920 x 1080px, 60Hz,AMD Athlon Silver 3050U,4,128 GB SSD,AMD Radeon Graphics,1799
"15.6""", 1920 x 1080px, 144Hz,Intel Core i7-11370H,16,512 GB SSD,NVIDIA GeForce RTX 3060,4999
"11.6""", 1366 x 768px, 60Hz,Intel Celeron N4020,4,128 GB SSD,Intel UHD Graphics 600,999
"14""", 1920 x 1080px, 60Hz,AMD Ryzen 7 4700U,16,512 GB SSD,AMD Radeon Graphics,3499
"14""", 1920 x 1080px, 60Hz,Intel Core i3-1005G1,8,256 GB SSD,Intel UHD Graphics,2199
"13.3""", 2560 x 1600px, 2560 x 1600px,Apple M1,8,256 GB SSD,Apple M1 (8 rdzeni),6599
"16.1""", 1920 x 1080px, 1920 x 1080px,Intel Core i5-10300H,8,512 GB SSD,NVIDIA GeForce GTX 1650,3419
"15.6""", 1920 x 1080px, 144Hz,Intel Core i5-10300H,16,512 GB SSD,NVIDIA GeForce GTX 1650,3699
"15.6""", 1920 x 1080px, 144Hz,Intel Core i5-11400H,16,512 GB SSD,NVIDIA GeForce RTX 3050,3999
"14""", 1920 x 1080px, 60Hz,AMD Ryzen 5 5500U,8,512 GB SSD,AMD Radeon Graphics,3299
"15.6""", 1920 x 1080px, 60Hz,Intel Core i5-1135G7,8,512 GB SSD,Intel Iris Xe Graphics,2899
"15.6""", 1920 x 1080px, 1920 x 1080px,Intel Core i5-1035G1,8,512 GB SSD,Intel UHD Graphics,2799
"15.6""", 1920 x 1080px, 144Hz,AMD Ryzen 5 5600H,16,512 GB SSD,NVIDIA GeForce RTX 3060,5799
"16.1""", 1920 x 1080px, 60Hz,AMD Ryzen 5 4600H,16,512 GB SSD,AMD Radeon Graphics,3999
"15.6""", 1920 x 1080px, 60Hz,AMD Ryzen 5 5500U,8,512 GB SSD,AMD Radeon Graphics,2799
"15.6""", 1920 x 1080px, 60Hz,AMD Ryzen 7 4800H,8,512 GB SSD,NVIDIA GeForce GTX 1650 Ti,3799
"15.6""", 1920 x 1080px, 1920 x 1080px,Intel Core i5-10300H,16,512 GB SSD,NVIDIA GeForce GTX 1650,3999
"15.6""", 1920 x 1080px, 60Hz,Intel Core i5-1135G7,8,512 GB SSD,Intel Iris Xe Graphics,2899
"14""", 1920 x 1080px, 1920 x 1080px,AMD Ryzen 5 3500U,8,512 GB SSD,AMD Radeon Vega 8,3079
"15.6""", 1920 x 1080px, 1920 x 1080px,AMD Ryzen 5 3550H,8,512 GB SSD,NVIDIA GeForce GTX 1650 Ti,3799
"15.6""", 1920 x 1080px, 120Hz,Intel Core i5-10500H,8,512 GB SSD,NVIDIA GeForce GTX 1650,3099
"15.6""", 1920 x 1080px, 60Hz,Intel Core i3-1005G1,8,256 GB SSD,Intel UHD Graphics,2199
"17.3""", 1920 x 1080px, 144Hz,AMD Ryzen 5 5600H,16,512 GB SSD,NVIDIA GeForce RTX 3060,6199
"14""", 1920 x 1080px, 60Hz,Intel Pentium N4200,4,64 GB Flash,Intel UHD Graphics 605,1999
"14""", 1920 x 1080px, 60Hz,Intel Core i5-1035G1,8,512 GB SSD,Intel UHD Graphics,2999
"13.3""", 2560 x 1600px, 60Hz,Apple M1,16,512 GB SSD,Apple M1 (8 rdzeni),7399
"14""", 1920 x 1080px, 1920 x 1080px,AMD A6-9220e,4,256 GB SSD,AMD Radeon R4,2099
"16""", 2560 x 1600px, 60Hz,Intel Core i5-11300H,16,512 GB SSD,NVIDIA GeForce MX450,3749
"15.6""", 1920 x 1080px, 144Hz,Intel Core i5-11400H,16,512 GB SSD,NVIDIA GeForce RTX 3060,5799
"17.3""", 1920 x 1080px, 144Hz,Intel Core i5-11400H,16,512 GB SSD,NVIDIA GeForce RTX 3050,4499
"15.6""", 1920 x 1080px, 1920 x 1080px,Intel Core i5-10300H,8,512 GB SSD,NVIDIA GeForce RTX 2060,4399
"14""", 1920 x 1080px, 1920 x 1080px,Intel Core i5-1035G1,8,512 GB SSD,Intel UHD Graphics,2799
"15.6""", 1920 x 1080px, 165Hz,AMD Ryzen 5 5600H,16,512 GB SSD,NVIDIA GeForce RTX 3050,4399
"15.6""", 1920 x 1080px, 60Hz,Intel Core i3-1005G1,4,256 GB SSD,Intel UHD Graphics,1999
"15.6""", 1920 x 1080px, 1920 x 1080px,Intel Core i5-11300H,16,512 GB SSD,NVIDIA GeForce RTX 3050,4499
"15.6""", 1920 x 1080px, 60Hz,Intel Core i3-1005G1,4,256 GB SSD,Intel UHD Graphics,1999
"15.6""", 1920 x 1080px, 120Hz,AMD Ryzen 7 4800H,8,512 GB SSD,NVIDIA GeForce GTX 1650 Ti,4549
"14""", 1920 x 1080px, 60Hz,Intel Pentium Silver N5030,8,256 GB SSD,Intel UHD Graphics 605,1799
"12.3""", 2736 x 1824px, Dotykowy,Intel Core i5-1035G4,8,128 GB SSD,Intel Iris Plus Graphics,3899
"15.6""", 1920 x 1080px, 60Hz,Intel Core i5-9300HF,16,512 GB SSD,NVIDIA GeForce GTX 1650,3399
"14""", 1920 x 1080px, 60Hz,AMD Ryzen 5 5500U,16,512 GB SSD,AMD Radeon Graphics,4199
"15.6""", 1920 x 1080px, 120Hz,Intel Core i5-10500H,16,512 GB SSD,NVIDIA GeForce RTX 3050,3799
"16""", 2560 x 1600px, 60Hz,Intel Core i7-11370H,16,1000 GB SSD,NVIDIA GeForce MX450,4549
"15.6""", 1920 x 1080px, 120Hz,Intel Core i5-11260H,16,512 GB SSD,NVIDIA GeForce RTX 3050 Ti,4499
"15.6""", 1920 x 1080px, 60Hz,AMD Ryzen 5 5600H,16,512 GB SSD,NVIDIA GeForce RTX 3050,4199
"14""", 1920 x 1080px, 1920 x 1080px,Intel Core i3-10110U,8,256 GB SSD,Intel UHD Graphics,2499
"15.6""", 1920 x 1080px, 60Hz,Intel Core i5-1155G7,16,512 GB SSD,Intel Iris Xe Graphics,3299
"15.6""", 2560 x 1440px, 165Hz,AMD Ryzen 7 6800H,16,1000 GB SSD,NVIDIA GeForce RTX 3060,7999
"15.6""", 1920 x 1080px, 60Hz,Intel Core i5-11300H,16,512 GB SSD,NVIDIA GeForce RTX 3050,4499
"13.4""", 1920 x 1200px, 300Hz,AMD Ryzen 7 6800HS,16,512 GB SSD,NVIDIA GeForce RTX 3050 Ti,8199
"15.6""", 1920 x 1080px, 60Hz,AMD Ryzen 5 5600H,16,512 GB SSD,NVIDIA GeForce RTX 3050,4199
"13.3""", 2560 x 1600px, 2560 x 1600px,Apple M1,8,256 GB SSD,Apple M1 (8 rdzeni),6599
"13.3""", 2560 x 1600px, 2560 x 1600px,Apple M1,8,512 GB SSD,Apple M1 (8 rdzeni),7499
"13.3""", 2560 x 1600px, 2560 x 1600px,Apple M1,8,512 GB SSD,Apple M1 (8 rdzeni),6299
"15.6""", 1920 x 1080px, 60Hz,Intel Core i3-10110U,8,256 GB SSD,Intel UHD Graphics,1899
"17.3""", 2560 x 1440px, 165Hz,Intel Core i7-11800H,16,1000 GB SSD,NVIDIA GeForce RTX 3060,8849
"17.3""", 1600 x 900px, 60Hz,AMD Ryzen 5 3500U,8,512 GB SSD,AMD Radeon Vega 8,2499
"17.3""", 1600 x 900px, 60Hz,Intel Core i3-1115G4,8,256 GB SSD,Intel UHD Graphics,2199
"15.6""", 1920 x 1080px, 120Hz,AMD Ryzen 5 5600H,8,512 GB SSD,NVIDIA GeForce RTX 3050 Ti,3999
"15.6""", 1920 x 1080px, 120Hz,AMD Ryzen 5 4600H,8,512 GB SSD,NVIDIA GeForce GTX 1650 Ti,3799
"14""", 2880 x 1800px, 90Hz,Intel Core i5-12500H,16,1000 GB SSD,Intel Iris Xe Graphics,5999
"15.6""", 1920 x 1080px, 60Hz,Intel Core i7-1195G7,16,512 GB SSD,Intel Iris Xe Graphics,3999
"17.3""", 1920 x 1080px, 144Hz,Intel Core i7-11370H,16,512 GB SSD,NVIDIA GeForce RTX 3050 Ti,5499
"15.6""", 1920 x 1080px, 60Hz,AMD Ryzen 3 5300U,8,256 GB SSD,AMD Radeon Graphics,2199
"15.6""", 1920 x 1080px, 120Hz,Intel Core i5-11300H,8,512 GB SSD,NVIDIA GeForce GTX 1650,3299
"15.6""", 1920 x 1080px, 120Hz,Intel Core i5-11260H,8,512 GB SSD,NVIDIA GeForce RTX 3050,3799
"15.6""", 1920 x 1080px, 120Hz,AMD Ryzen 5 5625U,8,512 GB SSD,AMD Radeon Graphics,3199
"13.3""", 1920 x 1080px, Dotykowy,Intel Pentium Silver N6000,8,256 GB SSD,Intel UHD Graphics,2899
"14""", 1920 x 1080px, 60Hz,Intel Pentium Gold 7505,4,256 GB SSD,Intel UHD Graphics,1699
"14""", 1366 x 768px, 60Hz,Intel Celeron N4020,4,128 GB SSD,Intel UHD Graphics 600,1299
"15.6""", 1920 x 1080px, 60Hz,AMD Ryzen 5 5600H,8,512 GB SSD,NVIDIA GeForce GTX 1650,3599
"15.6""", 1920 x 1080px, 60Hz,AMD Ryzen 7 5800H,8,512 GB SSD,NVIDIA GeForce RTX 3050,4499
"13.3""", 2560 x 1600px, 60Hz,Intel Core i5-11300H,16,512 GB SSD,Intel Iris Xe Graphics,3999
"17""", 2560 x 1600px, 60Hz,Intel Core i5-1135G7,16,512 GB SSD,Intel Iris Xe Graphics,4499
"15.6""", 1920 x 1080px, 60Hz,Intel Core i5-11300H,16,512 GB SSD,NVIDIA GeForce RTX 3050,4499
"15.6""", 1920 x 1080px, 144Hz,Intel Core i5-11400H,16,512 GB SSD,NVIDIA GeForce RTX 3050 Ti,5699
"15.6""", 1920 x 1080px, 60Hz,Intel Core i7-1185G7,16,1000 GB SSD,NVIDIA GeForce GTX 1650 Ti Max-Q,6999
"16.1""", 1920 x 1080px, 144Hz,AMD Ryzen 7 5800H,16,1000 GB SSD,AMD Radeon RX 6600M,4999
"16""", 2560 x 1600px, 60Hz,Intel Core i5-1240P,16,512 GB SSD,Intel Iris Xe Graphics,6479
"15.6""", 1920 x 1080px, 60Hz,Intel Core i5-1135G7,8,256 GB SSD,Intel Iris Xe Graphics,2499
"17.3""", 1920 x 1080px, 144Hz,Intel Core i7-12700H,16,1000 GB SSD,NVIDIA GeForce RTX 3050,7549
"14""", 1920 x 1080px, 60Hz,AMD Ryzen 7 5700U,8,512 GB SSD,AMD Radeon Graphics,3379
"16""", 2560 x 1600px, 120Hz,AMD Ryzen 7 5800H,16,1000 GB SSD,NVIDIA GeForce GTX 1650,4999
"16""", 2560 x 1600px, 120Hz,AMD Ryzen 5 5600H,16,512 GB SSD,NVIDIA GeForce GTX 1650,4349
"17.3""", 1600 x 900px, 60Hz,Intel Core i3-1115G4,8,256 GB SSD,Intel UHD Graphics,1799
"15.6""", 1920 x 1080px, 60Hz,AMD Ryzen 5 5500U,8,512 GB SSD,AMD Radeon Graphics,3899
"15.6""", 1920 x 1080px, 120Hz,AMD Ryzen 5 5600H,8,512 GB SSD,NVIDIA GeForce RTX 3050,4199
"15.6""", 1920 x 1080px, 60Hz,AMD Ryzen 5 5500U,16,512 GB SSD,AMD Radeon Graphics,2799
"14""", 1920 x 1200px, 60Hz,Intel Core i5-1135G7,16,512 GB SSD,Intel Iris Xe Graphics,4129
"17.3""", 1920 x 1080px, 144Hz,Intel Core i5-10300H,16,512 GB SSD,NVIDIA GeForce RTX 3050,5399
"14""", 2560 x 1440px, 120Hz,AMD Ryzen 7 5800HS,16,512 GB SSD,NVIDIA GeForce RTX 3050 Ti,4299
"15.6""", 1920 x 1080px, 60Hz,Intel Core i3-1005G1,4,256 GB SSD,Intel UHD Graphics,1499
"15.6""", 1920 x 1080px, 144Hz,Intel Core i5-11400H,16,512 GB SSD,NVIDIA GeForce RTX 3050 Ti,5099
"13.5""", 2256 x 1504px, 60Hz,AMD Ryzen 5 4680U,8,256 GB SSD,AMD Radeon Graphics,5199
"13.3""", 1920 x 1080px, 60Hz,Intel Core i5-1135G7,8,512 GB SSD,Intel Iris Xe Graphics,4299
"14""", 1920 x 1080px, 1920 x 1080px,AMD Ryzen 3 3250U,4,256 GB SSD,AMD Radeon Graphics,1729
"13.3""", 2560 x 1600px, 2560 x 1600px,Apple M1,8,512 GB SSD,Apple M1 (8 rdzeni),6299
"17.3""", 1600 x 900px, 120Hz,AMD Athlon Silver 3050U,8,256 GB SSD,AMD Radeon Graphics,1899
"15.6""", 1920 x 1080px, 60Hz,AMD Ryzen 5 5500U,16,512 GB SSD,AMD Radeon Graphics,3099
"17""", 2560 x 1600px, 60Hz,Intel Core i7-1260P,16,1000 GB SSD,Intel Iris Xe Graphics,7199
"15.6""", 1920 x 1080px, 60Hz,AMD Ryzen 5 5500U,16,512 GB SSD,AMD Radeon Graphics,3099
"17.3""", 2560 x 1440px, 165Hz,Intel Core i7-12700H,16,1000 GB SSD,NVIDIA GeForce RTX 3070 Ti,11549
"15.6""", 1920 x 1080px, 144Hz,Intel Core i5-11400H,16,512 GB SSD,NVIDIA GeForce RTX 3050 Ti,3999
"15.6""", 1920 x 1080px, 60Hz,AMD Ryzen 7 5700U,16,512 GB SSD,AMD Radeon Graphics,3099
"15.6""", 1920 x 1080px, 60Hz,Intel Core i5-11300H,8,512 GB SSD,NVIDIA GeForce RTX 3050,3599
"15.6""", 1920 x 1080px, 60Hz,AMD Ryzen 7 5800H,16,512 GB SSD,NVIDIA GeForce GTX 1650,3799
"17.3""", 1600 x 900px, 60Hz,Intel Core i5-1135G7,8,512 GB SSD,Intel Iris Xe Graphics,2599
"17.3""", 1920 x 1080px, 144Hz,Intel Core i5-11400H,16,512 GB SSD,NVIDIA GeForce RTX 3060,5559
"15.6""", 1920 x 1080px, 60Hz,Intel Core i7-11390H,16,1000 GB SSD,Intel Iris Xe Graphics,5399
"15.6""", 1920 x 1080px, 60Hz,Intel Core i7-1165G7,16,512 GB SSD,Intel Iris Xe Graphics,4499
"17.3""", 1920 x 1080px, 144Hz,Intel Core i7-11800H,16,512 GB SSD,NVIDIA GeForce RTX 3050 Ti,4999
"13.4""", 1920 x 1200px, 120Hz,Intel Core i9-12900H,16,1000 GB SSD,NVIDIA GeForce RTX 3050 Ti,9999
"16.1""", 1920 x 1080px, 144Hz,Intel Core i7-11800H,16,512 GB SSD,NVIDIA GeForce RTX 3060,6199
"15.6""", 1920 x 1080px, 60Hz,AMD Ryzen 5 5600H,16,512 GB SSD,NVIDIA GeForce GTX 1650,3999
"13""", 2880 x 1920px, 60 - 120Hz,Intel Core i7-1185G7,32,1000 GB SSD,Intel Iris Xe Graphics,12699
"15.6""", 1920 x 1080px, 60Hz,Intel Core i5-1135G7,8,512 GB SSD,Intel UHD Graphics,2699
"15.6""", 2560 x 1440px, 165Hz,AMD Ryzen 7 6800H,16,1000 GB SSD,NVIDIA GeForce RTX 3060,6999
"15.6""", 1920 x 1080px, 144Hz,AMD Ryzen 7 6800H,16,512 GB SSD,NVIDIA GeForce RTX 3050,6899
"13.4""", 1920 x 1200px, 300Hz,Intel Core i7-12700H,16,512 GB SSD,NVIDIA GeForce RTX 3050,9399
"14""", 1920 x 1080px, 60Hz,AMD Ryzen 5 5500U,8,512 GB SSD,AMD Radeon Graphics,2599
"15.6""", 1920 x 1080px, 60Hz,AMD Ryzen 5 5600H,16,512 GB SSD,NVIDIA GeForce GTX 1650,3399
"15.6""", 1920 x 1080px, 120Hz,AMD Ryzen 5 5600H,16,512 GB SSD,NVIDIA GeForce RTX 3050,3899
"17.3""", 1920 x 1080px, 144Hz,AMD Ryzen 5 5600H,8,512 GB SSD,NVIDIA GeForce RTX 3050,4299
"15.6""", 1920 x 1080px, 165Hz,AMD Ryzen 7 5800H,16,1000 GB SSD,NVIDIA GeForce RTX 3070,8299
"15.6""", 2560 x 1440px, 165Hz,AMD Ryzen 5 5600H,16,1000 GB SSD,NVIDIA GeForce RTX 3060,5999
"15.6""", 1920 x 1080px, 60Hz,Intel Core i5-1155G7,16,1000 GB SSD,Intel Iris Xe Graphics,3099
"15.6""", 1920 x 1080px, 144Hz,Intel Core i7-11800H,16,1000 GB SSD,NVIDIA GeForce RTX 3050,6319
"15.6""", 1920 x 1080px, 60Hz,Intel Core i5-11300H,8,512 GB SSD,NVIDIA GeForce GTX 1650,3599
"15.6""", 1920 x 1080px, 120Hz,AMD Ryzen 5 5600H,16,512 GB SSD,NVIDIA GeForce RTX 3050 Ti,4599
"15.6""", 1920 x 1080px, 60Hz,AMD Ryzen 5 5600H,16,512 GB SSD,NVIDIA GeForce RTX 3050,3799
"15.6""", 1920 x 1080px, 60Hz,AMD Ryzen 5 5600H,8,512 GB SSD,NVIDIA GeForce RTX 3050,3599
"15.6""", 1920 x 1080px, 60Hz,AMD Ryzen 5 5600H,16,512 GB SSD,NVIDIA GeForce RTX 3050 Ti,4099
"15.6""", 1920 x 1080px, 60Hz,AMD Ryzen 7 5800H,16,512 GB SSD,NVIDIA GeForce RTX 3050,4699
"15.6""", 1920 x 1080px, 60Hz,AMD Ryzen 3 3250U,4,256 GB SSD,AMD Radeon Graphics,1599
"15.6""", 1920 x 1080px, 60Hz,Intel Core i5-1135G7,16,512 GB SSD,Intel Iris Xe Graphics,3699
"14""", 1920 x 1080px, 60Hz,Intel Core i5-1135G7,16,512 GB SSD,Intel Iris Xe Graphics,4199
"15.6""", 1920 x 1080px, 60Hz,AMD Ryzen 5 5500U,8,512 GB SSD,AMD Radeon Graphics,2899
